--- База данных ИТ для ИТ компании с базами сотрудников (их анетами, отделами ) и возможностью запускать задачи, проекты, хранить файлы , ставить планы выполнения задач.

DROP DATABASE IF EXISTS it_company;
CREATE DATABASE it_company;
USE it_company;

DROP TABLE IF EXISTS `members`;
CREATE TABLE `members` (
  `id` bigint(20) unsigned NOT NULL AUTO_INCREMENT,
  `firstname` varchar(50) COLLATE utf8_unicode_ci DEFAULT NULL,
  `lastname` varchar(50) COLLATE utf8_unicode_ci DEFAULT NULL,
  `email` varchar(120) COLLATE utf8_unicode_ci DEFAULT NULL,
  `phone` bigint(20) DEFAULT NULL,
  PRIMARY KEY (`id`),
  UNIQUE KEY `email` (`email`),
  KEY `users_phone_idx` (`phone`),
  KEY `users_firstname_lastname_idx` (`firstname`,`lastname`)
) ENGINE=InnoDB AUTO_INCREMENT=101 DEFAULT CHARSET=utf8 COLLATE=utf8_unicode_ci;

DROP TABLE IF EXISTS `profiles`;
CREATE TABLE `profiles` (
  `members_id` bigint(20) unsigned NOT NULL AUTO_INCREMENT,
  `gender` enum('Male','Female') COLLATE utf8_unicode_ci DEFAULT NULL,
  `birthday` date DEFAULT NULL,
  `photo_id` bigint(20) unsigned DEFAULT NULL,
  `created_at` datetime DEFAULT current_timestamp(),
  `POSITION_member` enum('admins','team_leaders','developers','testers') COLLATE utf8_unicode_ci DEFAULT NULL,
  PRIMARY KEY (`members_id`),
  CONSTRAINT `profiles_ibfk_1` FOREIGN KEY (`members_id`) REFERENCES `members` (`id`) ON UPDATE CASCADE
) ENGINE=InnoDB AUTO_INCREMENT=101 DEFAULT CHARSET=utf8 COLLATE=utf8_unicode_ci;


DROP TABLE IF EXISTS `departmens`;

CREATE TABLE `departmens` (
  `id` bigint(20) unsigned NOT NULL AUTO_INCREMENT,
  `name` varchar(150) COLLATE utf8_unicode_ci DEFAULT NULL,
  PRIMARY KEY (`id`),
  KEY `departmens_name_idx` (`name`)
) ENGINE=InnoDB AUTO_INCREMENT=101 DEFAULT CHARSET=utf8 COLLATE=utf8_unicode_ci;


DROP TABLE IF EXISTS `members_departmens`;

CREATE TABLE `members_departmens` (
  `members_id` bigint(20) unsigned NOT NULL,
  `departmens_id` bigint(20) unsigned NOT NULL,
  PRIMARY KEY (`members_id`,`departmens_id`),
  KEY `departmens_id` (`departmens_id`),
  CONSTRAINT `members_departmens_ibfk_1` FOREIGN KEY (`members_id`) REFERENCES `members` (`id`),
  CONSTRAINT `members_departmens_ibfk_2` FOREIGN KEY (`departmens_id`) REFERENCES `departmens` (`id`)
) ENGINE=InnoDB DEFAULT CHARSET=utf8 COLLATE=utf8_unicode_ci;

DROP TABLE IF EXISTS `projects`;
CREATE TABLE `projects` (
  `id` bigint(20) unsigned NOT NULL AUTO_INCREMENT,
  `name` varchar(150) COLLATE utf8_unicode_ci DEFAULT NULL,
  PRIMARY KEY (`id`),
  KEY `projects_name_idx` (`name`)
) ENGINE=InnoDB AUTO_INCREMENT=101 DEFAULT CHARSET=utf8 COLLATE=utf8_unicode_ci;

DROP TABLE IF EXISTS members_projects;
CREATE TABLE `members_projects` (
  `members_id` bigint(20) unsigned NOT NULL,
  `projects_id` bigint(20) unsigned NOT NULL,
  PRIMARY KEY (`members_id`,`projects_id`),
  KEY `projects_id` (`projects_id`),
  CONSTRAINT `members_projects_ibfk_1` FOREIGN KEY (`members_id`) REFERENCES `members` (`id`),
  CONSTRAINT `members_projects_ibfk_2` FOREIGN KEY (`projects_id`) REFERENCES `projects` (`id`)
) ENGINE=InnoDB DEFAULT CHARSET=utf8 COLLATE=utf8_unicode_ci;

DROP TABLE IF EXISTS instructions;
CREATE TABLE `instructions` (
  `id` bigint(20) unsigned NOT NULL AUTO_INCREMENT,
  `name` varchar(255) COLLATE utf8_unicode_ci DEFAULT NULL,
  `content` varchar(5000) COLLATE utf8_unicode_ci DEFAULT NULL,
  `created_at` datetime DEFAULT current_timestamp(),
  `updated_at` datetime DEFAULT current_timestamp() ON UPDATE current_timestamp(),
  PRIMARY KEY (`id`)
) ENGINE=InnoDB AUTO_INCREMENT=101 DEFAULT CHARSET=utf8 COLLATE=utf8_unicode_ci;


DROP TABLE IF EXISTS instructions_success;
CREATE TABLE `instructions_success` (
  `id` bigint(20) unsigned NOT NULL AUTO_INCREMENT,
  `instructions_id` bigint(20) unsigned NOT NULL,
  `members_id` bigint(20) unsigned NOT NULL,
  `body` text COLLATE utf8_unicode_ci DEFAULT NULL,
  `filename` varchar(255) COLLATE utf8_unicode_ci DEFAULT NULL,
  `size` int(11) DEFAULT NULL,
  `metadata` longtext CHARACTER SET utf8mb4 COLLATE utf8mb4_bin DEFAULT NULL,
  `created_at` datetime DEFAULT current_timestamp(),
  `updated_at` datetime DEFAULT current_timestamp() ON UPDATE current_timestamp(),
  PRIMARY KEY (`id`),
  KEY `members_id` (`members_id`),
  KEY `instructions_id` (`instructions_id`),
  CONSTRAINT `instructions_success_ibfk_1` FOREIGN KEY (`members_id`) REFERENCES `members` (`id`),
  CONSTRAINT `instructions_success_ibfk_2` FOREIGN KEY (`instructions_id`) REFERENCES `instructions` (`id`)
) ENGINE=InnoDB AUTO_INCREMENT=101 DEFAULT CHARSET=utf8 COLLATE=utf8_unicode_ci;

DROP TABLE IF EXISTS plan;
CREATE TABLE `plan` (
  `id` bigint(20) unsigned NOT NULL AUTO_INCREMENT,
  `instructions_id` bigint(20) unsigned NOT NULL,
  `instructions_success_id` bigint(20) unsigned NOT NULL,
  `term_at` datetime DEFAULT current_timestamp(),
  `completed_at` datetime DEFAULT current_timestamp() ON UPDATE current_timestamp(),
  PRIMARY KEY (`id`),
  KEY `instructions_success_id` (`instructions_success_id`),
  KEY `instructions_id` (`instructions_id`),
  CONSTRAINT `plan_ibfk_1` FOREIGN KEY (`instructions_success_id`) REFERENCES `instructions_success` (`id`),
  CONSTRAINT `plan_ibfk_2` FOREIGN KEY (`instructions_id`) REFERENCES `instructions` (`id`)
) ENGINE=InnoDB AUTO_INCREMENT=101 DEFAULT CHARSET=utf8 COLLATE=utf8_unicode_ci;

DROP TABLE IF EXISTS files;
DROP TABLE IF EXISTS files_types;
CREATE TABLE `files_types` (
  `id` bigint(20) unsigned NOT NULL AUTO_INCREMENT,
  `name` varchar(255) COLLATE utf8_unicode_ci DEFAULT NULL,
  `created_at` datetime DEFAULT current_timestamp(),
  `updated_at` datetime DEFAULT current_timestamp() ON UPDATE current_timestamp(),
  PRIMARY KEY (`id`)
) ENGINE=InnoDB AUTO_INCREMENT=101 DEFAULT CHARSET=utf8 COLLATE=utf8_unicode_ci;

DROP TABLE IF EXISTS files;
CREATE TABLE `files` (
  `id` bigint(20) unsigned NOT NULL AUTO_INCREMENT,
  `files_type_id` bigint(20) unsigned NOT NULL,
  `members_id` bigint(20) unsigned NOT NULL,
  `body` text COLLATE utf8_unicode_ci DEFAULT NULL,
  `filename` varchar(255) COLLATE utf8_unicode_ci DEFAULT NULL,
  `size` int(11) DEFAULT NULL,
  `metadata` longtext CHARACTER SET utf8mb4 COLLATE utf8mb4_bin DEFAULT NULL,
  `created_at` datetime DEFAULT current_timestamp(),
  `updated_at` datetime DEFAULT current_timestamp() ON UPDATE current_timestamp(),
  PRIMARY KEY (`id`),
  KEY `members_id` (`members_id`),
  KEY `files_type_id` (`files_type_id`),
  CONSTRAINT `files_ibfk_1` FOREIGN KEY (`members_id`) REFERENCES `members` (`id`),
  CONSTRAINT `files_ibfk_2` FOREIGN KEY (`files_type_id`) REFERENCES `files_types` (`id`)
) ENGINE=InnoDB AUTO_INCREMENT=101 DEFAULT CHARSET=utf8 COLLATE=utf8_unicode_ci;



INSERT INTO `members` (`id`, `firstname`, `lastname`, `email`, `phone`) VALUES ('101', 'Jerel', 'Jacobson', 'wava69@example.com', '1');
INSERT INTO `members` (`id`, `firstname`, `lastname`, `email`, `phone`) VALUES ('102', 'Lonzo', 'Hodkiewicz', 'dino.koch@example.net', '0');
INSERT INTO `members` (`id`, `firstname`, `lastname`, `email`, `phone`) VALUES ('103', 'Juwan', 'Kuphal', 'skling@example.com', '542685');
INSERT INTO `members` (`id`, `firstname`, `lastname`, `email`, `phone`) VALUES ('104', 'Kaci', 'Hilpert', 'gino.monahan@example.net', '0');
INSERT INTO `members` (`id`, `firstname`, `lastname`, `email`, `phone`) VALUES ('105', 'Bernhard', 'Tromp', 'mbrekke@example.com', '1');
INSERT INTO `members` (`id`, `firstname`, `lastname`, `email`, `phone`) VALUES ('106', 'Domingo', 'Prosacco', 'xlittel@example.org', '910');
INSERT INTO `members` (`id`, `firstname`, `lastname`, `email`, `phone`) VALUES ('107', 'Elta', 'Larson', 'leonor00@example.org', '0');
INSERT INTO `members` (`id`, `firstname`, `lastname`, `email`, `phone`) VALUES ('108', 'Ferne', 'Lubowitz', 'zemlak.blaze@example.net', '984');
INSERT INTO `members` (`id`, `firstname`, `lastname`, `email`, `phone`) VALUES ('109', 'Noelia', 'Mitchell', 'hans91@example.net', '0');
INSERT INTO `members` (`id`, `firstname`, `lastname`, `email`, `phone`) VALUES ('110', 'Joannie', 'Morar', 'kklocko@example.com', '1');
INSERT INTO `members` (`id`, `firstname`, `lastname`, `email`, `phone`) VALUES ('111', 'Cyrus', 'Lueilwitz', 'alegros@example.net', '193072');
INSERT INTO `members` (`id`, `firstname`, `lastname`, `email`, `phone`) VALUES ('112', 'Marina', 'Harber', 'helene.eichmann@example.com', '807616');
INSERT INTO `members` (`id`, `firstname`, `lastname`, `email`, `phone`) VALUES ('113', 'Alexzander', 'Dibbert', 'will.wilburn@example.com', '0');
INSERT INTO `members` (`id`, `firstname`, `lastname`, `email`, `phone`) VALUES ('114', 'Frederik', 'Herzog', 'dallas23@example.net', '2493');
INSERT INTO `members` (`id`, `firstname`, `lastname`, `email`, `phone`) VALUES ('115', 'Janelle', 'Herman', 'shanna.kautzer@example.com', '0');
INSERT INTO `members` (`id`, `firstname`, `lastname`, `email`, `phone`) VALUES ('116', 'Conor', 'Grimes', 'dschroeder@example.com', '869');
INSERT INTO `members` (`id`, `firstname`, `lastname`, `email`, `phone`) VALUES ('117', 'Eileen', 'Durgan', 'sedrick.dibbert@example.net', '0');
INSERT INTO `members` (`id`, `firstname`, `lastname`, `email`, `phone`) VALUES ('118', 'Brigitte', 'Thiel', 'gutkowski.princess@example.org', '0');
INSERT INTO `members` (`id`, `firstname`, `lastname`, `email`, `phone`) VALUES ('119', 'Colton', 'Deckow', 'celestine.johns@example.net', '249');
INSERT INTO `members` (`id`, `firstname`, `lastname`, `email`, `phone`) VALUES ('120', 'Woodrow', 'Hintz', 'd\'amore.maryam@example.net', '373');
INSERT INTO `members` (`id`, `firstname`, `lastname`, `email`, `phone`) VALUES ('121', 'Reynold', 'Barrows', 'mabel.kilback@example.net', '0');
INSERT INTO `members` (`id`, `firstname`, `lastname`, `email`, `phone`) VALUES ('122', 'Giles', 'Flatley', 'yweissnat@example.org', '9334262894');
INSERT INTO `members` (`id`, `firstname`, `lastname`, `email`, `phone`) VALUES ('123', 'Jessyca', 'Corkery', 'ozella43@example.org', '6');
INSERT INTO `members` (`id`, `firstname`, `lastname`, `email`, `phone`) VALUES ('124', 'Darius', 'Grady', 'kerdman@example.com', '1');
INSERT INTO `members` (`id`, `firstname`, `lastname`, `email`, `phone`) VALUES ('125', 'Tierra', 'Kemmer', 'dallin.wiegand@example.com', '0');
INSERT INTO `members` (`id`, `firstname`, `lastname`, `email`, `phone`) VALUES ('126', 'Emmie', 'Marquardt', 'predovic.gerry@example.net', '1');
INSERT INTO `members` (`id`, `firstname`, `lastname`, `email`, `phone`) VALUES ('127', 'Winnifred', 'Howe', 'otha.steuber@example.org', '141448');
INSERT INTO `members` (`id`, `firstname`, `lastname`, `email`, `phone`) VALUES ('128', 'Caleigh', 'Stracke', 'btreutel@example.com', '1');
INSERT INTO `members` (`id`, `firstname`, `lastname`, `email`, `phone`) VALUES ('129', 'Guillermo', 'Homenick', 'schroeder.dorothea@example.net', '664301');
INSERT INTO `members` (`id`, `firstname`, `lastname`, `email`, `phone`) VALUES ('130', 'Tyrique', 'Hintz', 'zritchie@example.com', '299');
INSERT INTO `members` (`id`, `firstname`, `lastname`, `email`, `phone`) VALUES ('131', 'Vicente', 'Jones', 'casimir.ankunding@example.org', '0');
INSERT INTO `members` (`id`, `firstname`, `lastname`, `email`, `phone`) VALUES ('132', 'Jermain', 'Pouros', 'maria59@example.net', '9732111750');
INSERT INTO `members` (`id`, `firstname`, `lastname`, `email`, `phone`) VALUES ('133', 'Keith', 'Bechtelar', 'woodrow23@example.org', '1');
INSERT INTO `members` (`id`, `firstname`, `lastname`, `email`, `phone`) VALUES ('134', 'Jeanie', 'Zemlak', 'meta07@example.org', '0');
INSERT INTO `members` (`id`, `firstname`, `lastname`, `email`, `phone`) VALUES ('135', 'Natalie', 'Wilkinson', 'rey65@example.com', '1');
INSERT INTO `members` (`id`, `firstname`, `lastname`, `email`, `phone`) VALUES ('136', 'Javonte', 'Rohan', 'whitney.marquardt@example.com', '1');
INSERT INTO `members` (`id`, `firstname`, `lastname`, `email`, `phone`) VALUES ('137', 'Fermin', 'Cronin', 'scrona@example.org', '667881');
INSERT INTO `members` (`id`, `firstname`, `lastname`, `email`, `phone`) VALUES ('138', 'Mina', 'Yost', 'georgette.gaylord@example.org', '104');
INSERT INTO `members` (`id`, `firstname`, `lastname`, `email`, `phone`) VALUES ('139', 'Gardner', 'Ankunding', 'giuseppe.harris@example.net', '25');
INSERT INTO `members` (`id`, `firstname`, `lastname`, `email`, `phone`) VALUES ('140', 'Dixie', 'West', 'vena.lang@example.com', '42');
INSERT INTO `members` (`id`, `firstname`, `lastname`, `email`, `phone`) VALUES ('141', 'Coralie', 'Lehner', 'gottlieb.albert@example.org', '1');
INSERT INTO `members` (`id`, `firstname`, `lastname`, `email`, `phone`) VALUES ('142', 'Marisol', 'Murray', 'pearlie11@example.com', '97');
INSERT INTO `members` (`id`, `firstname`, `lastname`, `email`, `phone`) VALUES ('143', 'Patrick', 'Jacobson', 'brown.jedidiah@example.net', '35');
INSERT INTO `members` (`id`, `firstname`, `lastname`, `email`, `phone`) VALUES ('144', 'Dan', 'Kuvalis', 'lenna87@example.net', '0');
INSERT INTO `members` (`id`, `firstname`, `lastname`, `email`, `phone`) VALUES ('145', 'Madeline', 'Adams', 'simonis.bella@example.net', '0');
INSERT INTO `members` (`id`, `firstname`, `lastname`, `email`, `phone`) VALUES ('146', 'Marcus', 'Beatty', 'hand.gaylord@example.org', '916');
INSERT INTO `members` (`id`, `firstname`, `lastname`, `email`, `phone`) VALUES ('147', 'Domenica', 'Schoen', 'fstamm@example.com', '0');
INSERT INTO `members` (`id`, `firstname`, `lastname`, `email`, `phone`) VALUES ('148', 'Thad', 'Hansen', 'mills.tate@example.com', '651105');
INSERT INTO `members` (`id`, `firstname`, `lastname`, `email`, `phone`) VALUES ('149', 'Nicklaus', 'Treutel', 'denis03@example.com', '0');
INSERT INTO `members` (`id`, `firstname`, `lastname`, `email`, `phone`) VALUES ('150', 'Elenora', 'Crist', 'ernestina.reynolds@example.net', '532709');
INSERT INTO `members` (`id`, `firstname`, `lastname`, `email`, `phone`) VALUES ('151', 'Justice', 'Casper', 'kaia.kling@example.com', '0');
INSERT INTO `members` (`id`, `firstname`, `lastname`, `email`, `phone`) VALUES ('152', 'Arnaldo', 'Marks', 'cortiz@example.org', '835815');
INSERT INTO `members` (`id`, `firstname`, `lastname`, `email`, `phone`) VALUES ('153', 'Eulah', 'Kuvalis', 'kub.hailee@example.com', '30318');
INSERT INTO `members` (`id`, `firstname`, `lastname`, `email`, `phone`) VALUES ('154', 'Ramona', 'Schumm', 'margarette.hane@example.org', '137358');
INSERT INTO `members` (`id`, `firstname`, `lastname`, `email`, `phone`) VALUES ('155', 'Belle', 'Larson', 'green.brekke@example.com', '7206775141');
INSERT INTO `members` (`id`, `firstname`, `lastname`, `email`, `phone`) VALUES ('156', 'Bill', 'Von', 'wilbert.considine@example.org', '1');
INSERT INTO `members` (`id`, `firstname`, `lastname`, `email`, `phone`) VALUES ('157', 'Wilmer', 'Wehner', 'brenden23@example.net', '371');
INSERT INTO `members` (`id`, `firstname`, `lastname`, `email`, `phone`) VALUES ('158', 'Allison', 'Windler', 'nitzsche.clyde@example.com', '136');
INSERT INTO `members` (`id`, `firstname`, `lastname`, `email`, `phone`) VALUES ('159', 'Glennie', 'Bogisich', 'patricia69@example.net', '0');
INSERT INTO `members` (`id`, `firstname`, `lastname`, `email`, `phone`) VALUES ('160', 'Garth', 'Wilderman', 'zokuneva@example.net', '532');
INSERT INTO `members` (`id`, `firstname`, `lastname`, `email`, `phone`) VALUES ('161', 'Jarrett', 'Hickle', 'kling.chloe@example.net', '230320');
INSERT INTO `members` (`id`, `firstname`, `lastname`, `email`, `phone`) VALUES ('162', 'Judy', 'Hoppe', 'stokes.dexter@example.com', '0');
INSERT INTO `members` (`id`, `firstname`, `lastname`, `email`, `phone`) VALUES ('163', 'Enoch', 'Feest', 'witting.leonora@example.com', '0');
INSERT INTO `members` (`id`, `firstname`, `lastname`, `email`, `phone`) VALUES ('164', 'Jammie', 'Dare', 'emard.myah@example.net', '2588111527');
INSERT INTO `members` (`id`, `firstname`, `lastname`, `email`, `phone`) VALUES ('165', 'Branson', 'Gusikowski', 'cebert@example.com', '1');
INSERT INTO `members` (`id`, `firstname`, `lastname`, `email`, `phone`) VALUES ('166', 'Trever', 'Hilll', 'gferry@example.com', '63');
INSERT INTO `members` (`id`, `firstname`, `lastname`, `email`, `phone`) VALUES ('167', 'Sonia', 'Spinka', 'hazle00@example.net', '1');
INSERT INTO `members` (`id`, `firstname`, `lastname`, `email`, `phone`) VALUES ('168', 'Pedro', 'Emmerich', 'ali.hirthe@example.net', '606692');
INSERT INTO `members` (`id`, `firstname`, `lastname`, `email`, `phone`) VALUES ('169', 'Drake', 'Armstrong', 'lonzo74@example.org', '1');
INSERT INTO `members` (`id`, `firstname`, `lastname`, `email`, `phone`) VALUES ('170', 'Harmon', 'Larkin', 'xreichert@example.org', '0');
INSERT INTO `members` (`id`, `firstname`, `lastname`, `email`, `phone`) VALUES ('171', 'Ramon', 'Bogan', 'reilly.maryam@example.net', '338');
INSERT INTO `members` (`id`, `firstname`, `lastname`, `email`, `phone`) VALUES ('172', 'Eloise', 'Nolan', 'xweimann@example.net', '300583');
INSERT INTO `members` (`id`, `firstname`, `lastname`, `email`, `phone`) VALUES ('173', 'Jerel', 'Rowe', 'lhudson@example.com', '1');
INSERT INTO `members` (`id`, `firstname`, `lastname`, `email`, `phone`) VALUES ('174', 'Emmie', 'Becker', 'maxime.dickinson@example.org', '0');
INSERT INTO `members` (`id`, `firstname`, `lastname`, `email`, `phone`) VALUES ('175', 'Braxton', 'Conn', 'qhansen@example.com', '210687');
INSERT INTO `members` (`id`, `firstname`, `lastname`, `email`, `phone`) VALUES ('176', 'Elna', 'Gleason', 'ycorkery@example.com', '1');
INSERT INTO `members` (`id`, `firstname`, `lastname`, `email`, `phone`) VALUES ('177', 'Julius', 'Daniel', 'kirk.kassulke@example.com', '1');
INSERT INTO `members` (`id`, `firstname`, `lastname`, `email`, `phone`) VALUES ('178', 'Ron', 'Weimann', 'leannon.maximilian@example.com', '1');
INSERT INTO `members` (`id`, `firstname`, `lastname`, `email`, `phone`) VALUES ('179', 'Arlie', 'Champlin', 'borer.hipolito@example.net', '722');
INSERT INTO `members` (`id`, `firstname`, `lastname`, `email`, `phone`) VALUES ('180', 'Gerard', 'Mann', 'jfisher@example.org', '895');
INSERT INTO `members` (`id`, `firstname`, `lastname`, `email`, `phone`) VALUES ('181', 'Margarette', 'Labadie', 'chet.will@example.com', '210650');
INSERT INTO `members` (`id`, `firstname`, `lastname`, `email`, `phone`) VALUES ('182', 'Kane', 'Adams', 'terry.alivia@example.org', '889');
INSERT INTO `members` (`id`, `firstname`, `lastname`, `email`, `phone`) VALUES ('183', 'Dennis', 'Will', 'orn.alene@example.net', '40');
INSERT INTO `members` (`id`, `firstname`, `lastname`, `email`, `phone`) VALUES ('184', 'Miller', 'Stehr', 'kaitlyn99@example.com', '1');
INSERT INTO `members` (`id`, `firstname`, `lastname`, `email`, `phone`) VALUES ('185', 'Cecilia', 'Kohler', 'ivah30@example.net', '466');
INSERT INTO `members` (`id`, `firstname`, `lastname`, `email`, `phone`) VALUES ('186', 'Shad', 'Nader', 'benton16@example.net', '656736');
INSERT INTO `members` (`id`, `firstname`, `lastname`, `email`, `phone`) VALUES ('187', 'Wava', 'Dach', 'tierra22@example.org', '853892');
INSERT INTO `members` (`id`, `firstname`, `lastname`, `email`, `phone`) VALUES ('188', 'Tabitha', 'Weissnat', 'shana16@example.org', '917610');
INSERT INTO `members` (`id`, `firstname`, `lastname`, `email`, `phone`) VALUES ('189', 'Lavina', 'Schaden', 'dietrich.penelope@example.net', '1');
INSERT INTO `members` (`id`, `firstname`, `lastname`, `email`, `phone`) VALUES ('190', 'Taryn', 'Homenick', 'jullrich@example.net', '54');
INSERT INTO `members` (`id`, `firstname`, `lastname`, `email`, `phone`) VALUES ('191', 'Hobart', 'Balistreri', 'weimann.lincoln@example.com', '883373');
INSERT INTO `members` (`id`, `firstname`, `lastname`, `email`, `phone`) VALUES ('192', 'Leonora', 'Fadel', 'gladyce.romaguera@example.org', '184');
INSERT INTO `members` (`id`, `firstname`, `lastname`, `email`, `phone`) VALUES ('193', 'Lottie', 'Leffler', 'wpurdy@example.net', '0');
INSERT INTO `members` (`id`, `firstname`, `lastname`, `email`, `phone`) VALUES ('194', 'Kailey', 'Balistreri', 'larkin.tyson@example.net', '857');
INSERT INTO `members` (`id`, `firstname`, `lastname`, `email`, `phone`) VALUES ('195', 'Trace', 'Botsford', 'price.kay@example.net', '1');
INSERT INTO `members` (`id`, `firstname`, `lastname`, `email`, `phone`) VALUES ('196', 'Russel', 'Romaguera', 'bayer.raymundo@example.net', '1');
INSERT INTO `members` (`id`, `firstname`, `lastname`, `email`, `phone`) VALUES ('197', 'Kenyatta', 'Harber', 'hettinger.zion@example.com', '1');
INSERT INTO `members` (`id`, `firstname`, `lastname`, `email`, `phone`) VALUES ('198', 'Curtis', 'Kling', 'rey75@example.net', '81');
INSERT INTO `members` (`id`, `firstname`, `lastname`, `email`, `phone`) VALUES ('199', 'Kailey', 'McGlynn', 'carolanne33@example.net', '0');
INSERT INTO `members` (`id`, `firstname`, `lastname`, `email`, `phone`) VALUES ('200', 'Vernon', 'Hayes', 'ffritsch@example.net', '685610');


INSERT INTO `profiles` (`members_id`, `gender`, `birthday`, `photo_id`, `created_at`, `POSITION_member`) VALUES ('101', 'Male', '1972-06-19', NULL, '1999-02-14 15:46:28', 'developers');
INSERT INTO `profiles` (`members_id`, `gender`, `birthday`, `photo_id`, `created_at`, `POSITION_member`) VALUES ('102', 'Male', '1979-05-31', NULL, '1992-09-12 12:41:10', 'developers');
INSERT INTO `profiles` (`members_id`, `gender`, `birthday`, `photo_id`, `created_at`, `POSITION_member`) VALUES ('103', 'Male', '1974-05-17', NULL, '1974-08-21 20:01:30', 'team_leaders');
INSERT INTO `profiles` (`members_id`, `gender`, `birthday`, `photo_id`, `created_at`, `POSITION_member`) VALUES ('104', 'Female', '1998-10-18', NULL, '2017-05-11 06:18:41', 'developers');
INSERT INTO `profiles` (`members_id`, `gender`, `birthday`, `photo_id`, `created_at`, `POSITION_member`) VALUES ('105', 'Male', '1972-08-17', NULL, '2008-05-07 06:05:52', 'team_leaders');
INSERT INTO `profiles` (`members_id`, `gender`, `birthday`, `photo_id`, `created_at`, `POSITION_member`) VALUES ('106', 'Female', '1994-02-21', NULL, '2011-06-23 13:23:21', 'developers');
INSERT INTO `profiles` (`members_id`, `gender`, `birthday`, `photo_id`, `created_at`, `POSITION_member`) VALUES ('107', 'Male', '2014-04-03', NULL, '1999-09-29 12:25:54', 'testers');
INSERT INTO `profiles` (`members_id`, `gender`, `birthday`, `photo_id`, `created_at`, `POSITION_member`) VALUES ('108', 'Male', '2007-04-30', NULL, '1988-03-15 11:02:25', 'testers');
INSERT INTO `profiles` (`members_id`, `gender`, `birthday`, `photo_id`, `created_at`, `POSITION_member`) VALUES ('109', 'Male', '2015-08-14', NULL, '2000-06-13 16:33:47', 'testers');
INSERT INTO `profiles` (`members_id`, `gender`, `birthday`, `photo_id`, `created_at`, `POSITION_member`) VALUES ('110', 'Female', '1979-12-20', NULL, '1980-07-07 09:49:58', 'admins');
INSERT INTO `profiles` (`members_id`, `gender`, `birthday`, `photo_id`, `created_at`, `POSITION_member`) VALUES ('111', 'Female', '1970-01-19', NULL, '1997-01-13 12:04:26', 'admins');
INSERT INTO `profiles` (`members_id`, `gender`, `birthday`, `photo_id`, `created_at`, `POSITION_member`) VALUES ('112', 'Female', '1973-06-15', NULL, '2001-04-19 21:59:31', 'developers');
INSERT INTO `profiles` (`members_id`, `gender`, `birthday`, `photo_id`, `created_at`, `POSITION_member`) VALUES ('113', 'Male', '2006-08-13', NULL, '1985-08-02 02:06:48', 'admins');
INSERT INTO `profiles` (`members_id`, `gender`, `birthday`, `photo_id`, `created_at`, `POSITION_member`) VALUES ('114', 'Male', '1975-06-02', NULL, '1997-10-29 03:45:17', 'team_leaders');
INSERT INTO `profiles` (`members_id`, `gender`, `birthday`, `photo_id`, `created_at`, `POSITION_member`) VALUES ('115', 'Female', '2018-03-27', NULL, '1990-02-11 16:48:52', 'testers');
INSERT INTO `profiles` (`members_id`, `gender`, `birthday`, `photo_id`, `created_at`, `POSITION_member`) VALUES ('116', 'Male', '2001-02-22', NULL, '1974-07-02 21:53:10', 'testers');
INSERT INTO `profiles` (`members_id`, `gender`, `birthday`, `photo_id`, `created_at`, `POSITION_member`) VALUES ('117', 'Male', '1982-04-30', NULL, '2013-03-06 01:26:30', 'admins');
INSERT INTO `profiles` (`members_id`, `gender`, `birthday`, `photo_id`, `created_at`, `POSITION_member`) VALUES ('118', 'Male', '1983-07-03', NULL, '2018-05-02 18:41:57', 'admins');
INSERT INTO `profiles` (`members_id`, `gender`, `birthday`, `photo_id`, `created_at`, `POSITION_member`) VALUES ('119', 'Male', '1979-09-13', NULL, '1991-08-26 23:08:37', 'developers');
INSERT INTO `profiles` (`members_id`, `gender`, `birthday`, `photo_id`, `created_at`, `POSITION_member`) VALUES ('120', 'Female', '2011-03-22', NULL, '1981-08-07 10:04:21', 'testers');
INSERT INTO `profiles` (`members_id`, `gender`, `birthday`, `photo_id`, `created_at`, `POSITION_member`) VALUES ('121', 'Male', '1994-11-10', NULL, '2007-03-17 05:40:42', 'admins');
INSERT INTO `profiles` (`members_id`, `gender`, `birthday`, `photo_id`, `created_at`, `POSITION_member`) VALUES ('122', 'Female', '2001-06-14', NULL, '1990-01-22 12:04:23', 'admins');
INSERT INTO `profiles` (`members_id`, `gender`, `birthday`, `photo_id`, `created_at`, `POSITION_member`) VALUES ('123', 'Male', '1979-10-13', NULL, '2008-11-15 03:13:14', 'admins');
INSERT INTO `profiles` (`members_id`, `gender`, `birthday`, `photo_id`, `created_at`, `POSITION_member`) VALUES ('124', 'Female', '2006-12-22', NULL, '1981-05-10 23:30:30', 'team_leaders');
INSERT INTO `profiles` (`members_id`, `gender`, `birthday`, `photo_id`, `created_at`, `POSITION_member`) VALUES ('125', 'Female', '2004-02-24', NULL, '1978-09-27 17:39:08', 'admins');
INSERT INTO `profiles` (`members_id`, `gender`, `birthday`, `photo_id`, `created_at`, `POSITION_member`) VALUES ('126', 'Male', '1994-04-08', NULL, '1995-01-12 13:19:55', 'admins');
INSERT INTO `profiles` (`members_id`, `gender`, `birthday`, `photo_id`, `created_at`, `POSITION_member`) VALUES ('127', 'Male', '2001-09-04', NULL, '2006-08-04 04:40:50', 'testers');
INSERT INTO `profiles` (`members_id`, `gender`, `birthday`, `photo_id`, `created_at`, `POSITION_member`) VALUES ('128', 'Female', '2007-06-30', NULL, '2007-05-01 19:36:34', 'team_leaders');
INSERT INTO `profiles` (`members_id`, `gender`, `birthday`, `photo_id`, `created_at`, `POSITION_member`) VALUES ('129', 'Female', '1973-02-02', NULL, '1981-02-16 16:35:16', 'admins');
INSERT INTO `profiles` (`members_id`, `gender`, `birthday`, `photo_id`, `created_at`, `POSITION_member`) VALUES ('130', 'Male', '1980-01-12', NULL, '2007-06-03 16:53:06', 'admins');
INSERT INTO `profiles` (`members_id`, `gender`, `birthday`, `photo_id`, `created_at`, `POSITION_member`) VALUES ('131', 'Male', '2013-12-03', NULL, '1985-05-17 13:28:19', 'team_leaders');
INSERT INTO `profiles` (`members_id`, `gender`, `birthday`, `photo_id`, `created_at`, `POSITION_member`) VALUES ('132', 'Male', '1988-11-28', NULL, '2014-08-09 17:21:08', 'team_leaders');
INSERT INTO `profiles` (`members_id`, `gender`, `birthday`, `photo_id`, `created_at`, `POSITION_member`) VALUES ('133', 'Male', '2005-06-10', NULL, '1988-05-22 09:10:11', 'testers');
INSERT INTO `profiles` (`members_id`, `gender`, `birthday`, `photo_id`, `created_at`, `POSITION_member`) VALUES ('134', 'Female', '2014-08-26', NULL, '2005-12-08 08:56:44', 'admins');
INSERT INTO `profiles` (`members_id`, `gender`, `birthday`, `photo_id`, `created_at`, `POSITION_member`) VALUES ('135', 'Female', '1975-03-13', NULL, '2006-05-11 18:49:21', 'testers');
INSERT INTO `profiles` (`members_id`, `gender`, `birthday`, `photo_id`, `created_at`, `POSITION_member`) VALUES ('136', 'Female', '1972-09-12', NULL, '1997-03-27 10:00:50', 'testers');
INSERT INTO `profiles` (`members_id`, `gender`, `birthday`, `photo_id`, `created_at`, `POSITION_member`) VALUES ('137', 'Male', '1973-09-14', NULL, '1988-12-25 00:57:27', 'testers');
INSERT INTO `profiles` (`members_id`, `gender`, `birthday`, `photo_id`, `created_at`, `POSITION_member`) VALUES ('138', 'Male', '1997-09-07', NULL, '1999-05-09 19:47:42', 'team_leaders');
INSERT INTO `profiles` (`members_id`, `gender`, `birthday`, `photo_id`, `created_at`, `POSITION_member`) VALUES ('139', 'Male', '2002-04-10', NULL, '1972-09-21 09:53:26', 'developers');
INSERT INTO `profiles` (`members_id`, `gender`, `birthday`, `photo_id`, `created_at`, `POSITION_member`) VALUES ('140', 'Male', '2006-09-20', NULL, '1977-08-30 13:30:12', 'team_leaders');
INSERT INTO `profiles` (`members_id`, `gender`, `birthday`, `photo_id`, `created_at`, `POSITION_member`) VALUES ('141', 'Female', '1977-02-08', NULL, '2013-04-13 02:21:14', 'admins');
INSERT INTO `profiles` (`members_id`, `gender`, `birthday`, `photo_id`, `created_at`, `POSITION_member`) VALUES ('142', 'Female', '1985-04-04', NULL, '1979-01-26 06:36:26', 'developers');
INSERT INTO `profiles` (`members_id`, `gender`, `birthday`, `photo_id`, `created_at`, `POSITION_member`) VALUES ('143', 'Female', '1982-09-23', NULL, '1979-05-08 17:11:52', 'admins');
INSERT INTO `profiles` (`members_id`, `gender`, `birthday`, `photo_id`, `created_at`, `POSITION_member`) VALUES ('144', 'Female', '2019-03-17', NULL, '1991-05-06 10:09:21', 'developers');
INSERT INTO `profiles` (`members_id`, `gender`, `birthday`, `photo_id`, `created_at`, `POSITION_member`) VALUES ('145', 'Female', '1986-06-07', NULL, '1997-04-28 20:43:59', 'team_leaders');
INSERT INTO `profiles` (`members_id`, `gender`, `birthday`, `photo_id`, `created_at`, `POSITION_member`) VALUES ('146', 'Female', '2012-11-28', NULL, '2014-12-26 21:44:18', 'developers');
INSERT INTO `profiles` (`members_id`, `gender`, `birthday`, `photo_id`, `created_at`, `POSITION_member`) VALUES ('147', 'Male', '1979-09-07', NULL, '1995-05-14 00:17:14', 'admins');
INSERT INTO `profiles` (`members_id`, `gender`, `birthday`, `photo_id`, `created_at`, `POSITION_member`) VALUES ('148', 'Male', '1970-02-03', NULL, '1984-06-09 16:52:47', 'admins');
INSERT INTO `profiles` (`members_id`, `gender`, `birthday`, `photo_id`, `created_at`, `POSITION_member`) VALUES ('149', 'Male', '2007-11-27', NULL, '1995-12-21 05:46:37', 'testers');
INSERT INTO `profiles` (`members_id`, `gender`, `birthday`, `photo_id`, `created_at`, `POSITION_member`) VALUES ('150', 'Female', '2012-06-16', NULL, '2007-05-15 19:05:42', 'admins');
INSERT INTO `profiles` (`members_id`, `gender`, `birthday`, `photo_id`, `created_at`, `POSITION_member`) VALUES ('151', 'Female', '2005-11-05', NULL, '2006-08-12 19:06:28', 'admins');
INSERT INTO `profiles` (`members_id`, `gender`, `birthday`, `photo_id`, `created_at`, `POSITION_member`) VALUES ('152', 'Male', '2016-11-22', NULL, '2008-07-30 14:07:56', 'testers');
INSERT INTO `profiles` (`members_id`, `gender`, `birthday`, `photo_id`, `created_at`, `POSITION_member`) VALUES ('153', 'Male', '1995-01-29', NULL, '1995-06-28 04:08:31', 'testers');
INSERT INTO `profiles` (`members_id`, `gender`, `birthday`, `photo_id`, `created_at`, `POSITION_member`) VALUES ('154', 'Female', '2002-03-07', NULL, '1978-01-30 14:55:35', 'testers');
INSERT INTO `profiles` (`members_id`, `gender`, `birthday`, `photo_id`, `created_at`, `POSITION_member`) VALUES ('155', 'Female', '1986-06-28', NULL, '2012-03-29 11:26:12', 'developers');
INSERT INTO `profiles` (`members_id`, `gender`, `birthday`, `photo_id`, `created_at`, `POSITION_member`) VALUES ('156', 'Male', '2005-02-11', NULL, '2010-06-26 21:13:32', 'team_leaders');
INSERT INTO `profiles` (`members_id`, `gender`, `birthday`, `photo_id`, `created_at`, `POSITION_member`) VALUES ('157', 'Male', '1989-11-06', NULL, '2014-11-10 10:03:44', 'team_leaders');
INSERT INTO `profiles` (`members_id`, `gender`, `birthday`, `photo_id`, `created_at`, `POSITION_member`) VALUES ('158', 'Male', '2001-05-04', NULL, '2007-09-01 22:07:39', 'team_leaders');
INSERT INTO `profiles` (`members_id`, `gender`, `birthday`, `photo_id`, `created_at`, `POSITION_member`) VALUES ('159', 'Female', '1989-03-25', NULL, '2019-11-03 19:10:16', 'admins');
INSERT INTO `profiles` (`members_id`, `gender`, `birthday`, `photo_id`, `created_at`, `POSITION_member`) VALUES ('160', 'Female', '2009-12-05', NULL, '1992-03-31 03:35:32', 'admins');
INSERT INTO `profiles` (`members_id`, `gender`, `birthday`, `photo_id`, `created_at`, `POSITION_member`) VALUES ('161', 'Female', '2012-01-11', NULL, '2005-05-14 16:50:12', 'team_leaders');
INSERT INTO `profiles` (`members_id`, `gender`, `birthday`, `photo_id`, `created_at`, `POSITION_member`) VALUES ('162', 'Female', '1975-06-12', NULL, '1985-12-18 01:46:04', 'admins');
INSERT INTO `profiles` (`members_id`, `gender`, `birthday`, `photo_id`, `created_at`, `POSITION_member`) VALUES ('163', 'Female', '1985-09-11', NULL, '1976-01-13 16:44:44', 'team_leaders');
INSERT INTO `profiles` (`members_id`, `gender`, `birthday`, `photo_id`, `created_at`, `POSITION_member`) VALUES ('164', 'Male', '1998-09-25', NULL, '1977-12-25 09:10:33', 'team_leaders');
INSERT INTO `profiles` (`members_id`, `gender`, `birthday`, `photo_id`, `created_at`, `POSITION_member`) VALUES ('165', 'Male', '2015-02-12', NULL, '1992-09-04 10:02:55', 'developers');
INSERT INTO `profiles` (`members_id`, `gender`, `birthday`, `photo_id`, `created_at`, `POSITION_member`) VALUES ('166', 'Male', '1979-06-05', NULL, '1992-07-05 19:47:52', 'developers');
INSERT INTO `profiles` (`members_id`, `gender`, `birthday`, `photo_id`, `created_at`, `POSITION_member`) VALUES ('167', 'Female', '1970-03-15', NULL, '1977-03-28 21:20:09', 'team_leaders');
INSERT INTO `profiles` (`members_id`, `gender`, `birthday`, `photo_id`, `created_at`, `POSITION_member`) VALUES ('168', 'Female', '1994-12-10', NULL, '2018-01-13 19:33:39', 'testers');
INSERT INTO `profiles` (`members_id`, `gender`, `birthday`, `photo_id`, `created_at`, `POSITION_member`) VALUES ('169', 'Female', '1973-04-17', NULL, '1995-06-07 12:48:49', 'testers');
INSERT INTO `profiles` (`members_id`, `gender`, `birthday`, `photo_id`, `created_at`, `POSITION_member`) VALUES ('170', 'Male', '2017-11-17', NULL, '1989-12-25 02:02:21', 'admins');
INSERT INTO `profiles` (`members_id`, `gender`, `birthday`, `photo_id`, `created_at`, `POSITION_member`) VALUES ('171', 'Male', '2009-05-01', NULL, '2003-12-04 13:13:04', 'team_leaders');
INSERT INTO `profiles` (`members_id`, `gender`, `birthday`, `photo_id`, `created_at`, `POSITION_member`) VALUES ('172', 'Male', '2004-10-26', NULL, '2014-09-01 21:06:21', 'admins');
INSERT INTO `profiles` (`members_id`, `gender`, `birthday`, `photo_id`, `created_at`, `POSITION_member`) VALUES ('173', 'Male', '1992-02-18', NULL, '2001-02-26 19:38:39', 'testers');
INSERT INTO `profiles` (`members_id`, `gender`, `birthday`, `photo_id`, `created_at`, `POSITION_member`) VALUES ('174', 'Female', '2018-05-21', NULL, '2005-08-11 14:28:24', 'team_leaders');
INSERT INTO `profiles` (`members_id`, `gender`, `birthday`, `photo_id`, `created_at`, `POSITION_member`) VALUES ('175', 'Male', '1989-03-05', NULL, '2010-07-11 21:06:38', 'developers');
INSERT INTO `profiles` (`members_id`, `gender`, `birthday`, `photo_id`, `created_at`, `POSITION_member`) VALUES ('176', 'Male', '1993-01-21', NULL, '2004-01-01 18:02:27', 'admins');
INSERT INTO `profiles` (`members_id`, `gender`, `birthday`, `photo_id`, `created_at`, `POSITION_member`) VALUES ('177', 'Female', '2000-06-04', NULL, '1994-05-17 05:25:06', 'team_leaders');
INSERT INTO `profiles` (`members_id`, `gender`, `birthday`, `photo_id`, `created_at`, `POSITION_member`) VALUES ('178', 'Male', '1974-08-11', NULL, '2019-01-13 01:59:28', 'testers');
INSERT INTO `profiles` (`members_id`, `gender`, `birthday`, `photo_id`, `created_at`, `POSITION_member`) VALUES ('179', 'Female', '2015-08-02', NULL, '1970-05-06 03:58:29', 'admins');
INSERT INTO `profiles` (`members_id`, `gender`, `birthday`, `photo_id`, `created_at`, `POSITION_member`) VALUES ('180', 'Male', '2009-06-09', NULL, '2002-12-31 22:25:34', 'testers');
INSERT INTO `profiles` (`members_id`, `gender`, `birthday`, `photo_id`, `created_at`, `POSITION_member`) VALUES ('181', 'Male', '1981-03-21', NULL, '2004-09-06 08:26:02', 'team_leaders');
INSERT INTO `profiles` (`members_id`, `gender`, `birthday`, `photo_id`, `created_at`, `POSITION_member`) VALUES ('182', 'Female', '1995-03-27', NULL, '2015-11-18 23:46:12', 'admins');
INSERT INTO `profiles` (`members_id`, `gender`, `birthday`, `photo_id`, `created_at`, `POSITION_member`) VALUES ('183', 'Female', '1996-11-11', NULL, '2006-12-14 21:04:41', 'testers');
INSERT INTO `profiles` (`members_id`, `gender`, `birthday`, `photo_id`, `created_at`, `POSITION_member`) VALUES ('184', 'Female', '1992-03-17', NULL, '2016-02-24 06:15:58', 'testers');
INSERT INTO `profiles` (`members_id`, `gender`, `birthday`, `photo_id`, `created_at`, `POSITION_member`) VALUES ('185', 'Male', '2006-10-29', NULL, '2010-04-08 09:39:17', 'developers');
INSERT INTO `profiles` (`members_id`, `gender`, `birthday`, `photo_id`, `created_at`, `POSITION_member`) VALUES ('186', 'Male', '2017-04-28', NULL, '1992-01-26 12:27:24', 'testers');
INSERT INTO `profiles` (`members_id`, `gender`, `birthday`, `photo_id`, `created_at`, `POSITION_member`) VALUES ('187', 'Male', '2009-01-07', NULL, '1981-03-10 01:03:38', 'testers');
INSERT INTO `profiles` (`members_id`, `gender`, `birthday`, `photo_id`, `created_at`, `POSITION_member`) VALUES ('188', 'Male', '2013-04-16', NULL, '1979-11-20 04:37:34', 'team_leaders');
INSERT INTO `profiles` (`members_id`, `gender`, `birthday`, `photo_id`, `created_at`, `POSITION_member`) VALUES ('189', 'Male', '1979-09-21', NULL, '1988-06-06 13:19:47', 'developers');
INSERT INTO `profiles` (`members_id`, `gender`, `birthday`, `photo_id`, `created_at`, `POSITION_member`) VALUES ('190', 'Male', '1992-07-18', NULL, '2006-12-19 03:09:59', 'team_leaders');
INSERT INTO `profiles` (`members_id`, `gender`, `birthday`, `photo_id`, `created_at`, `POSITION_member`) VALUES ('191', 'Female', '2010-08-18', NULL, '1999-12-10 21:43:23', 'testers');
INSERT INTO `profiles` (`members_id`, `gender`, `birthday`, `photo_id`, `created_at`, `POSITION_member`) VALUES ('192', 'Male', '2016-05-29', NULL, '1977-08-20 08:10:18', 'testers');
INSERT INTO `profiles` (`members_id`, `gender`, `birthday`, `photo_id`, `created_at`, `POSITION_member`) VALUES ('193', 'Male', '1992-02-25', NULL, '1991-07-23 19:10:30', 'team_leaders');
INSERT INTO `profiles` (`members_id`, `gender`, `birthday`, `photo_id`, `created_at`, `POSITION_member`) VALUES ('194', 'Male', '1999-02-13', NULL, '1981-09-21 15:48:34', 'team_leaders');
INSERT INTO `profiles` (`members_id`, `gender`, `birthday`, `photo_id`, `created_at`, `POSITION_member`) VALUES ('195', 'Male', '1995-09-30', NULL, '1985-04-03 14:29:58', 'developers');
INSERT INTO `profiles` (`members_id`, `gender`, `birthday`, `photo_id`, `created_at`, `POSITION_member`) VALUES ('196', 'Male', '1983-05-01', NULL, '2004-01-27 05:45:55', 'team_leaders');
INSERT INTO `profiles` (`members_id`, `gender`, `birthday`, `photo_id`, `created_at`, `POSITION_member`) VALUES ('197', 'Male', '2014-03-27', NULL, '2002-05-25 11:14:14', 'testers');
INSERT INTO `profiles` (`members_id`, `gender`, `birthday`, `photo_id`, `created_at`, `POSITION_member`) VALUES ('198', 'Male', '1978-02-11', NULL, '1992-09-11 09:32:47', 'testers');
INSERT INTO `profiles` (`members_id`, `gender`, `birthday`, `photo_id`, `created_at`, `POSITION_member`) VALUES ('199', 'Female', '1994-12-13', NULL, '1982-11-23 12:44:59', 'developers');
INSERT INTO `profiles` (`members_id`, `gender`, `birthday`, `photo_id`, `created_at`, `POSITION_member`) VALUES ('200', 'Female', '2002-02-15', NULL, '2010-01-03 11:55:14', 'team_leaders');


INSERT INTO `projects` (`id`, `name`) VALUES ('148', 'ab');
INSERT INTO `projects` (`id`, `name`) VALUES ('132', 'accusamus');
INSERT INTO `projects` (`id`, `name`) VALUES ('126', 'alias');
INSERT INTO `projects` (`id`, `name`) VALUES ('149', 'aliquid');
INSERT INTO `projects` (`id`, `name`) VALUES ('155', 'atque');
INSERT INTO `projects` (`id`, `name`) VALUES ('146', 'aut');
INSERT INTO `projects` (`id`, `name`) VALUES ('153', 'aut');
INSERT INTO `projects` (`id`, `name`) VALUES ('183', 'aut');
INSERT INTO `projects` (`id`, `name`) VALUES ('105', 'autem');
INSERT INTO `projects` (`id`, `name`) VALUES ('108', 'beatae');
INSERT INTO `projects` (`id`, `name`) VALUES ('177', 'beatae');
INSERT INTO `projects` (`id`, `name`) VALUES ('147', 'commodi');
INSERT INTO `projects` (`id`, `name`) VALUES ('129', 'consequatur');
INSERT INTO `projects` (`id`, `name`) VALUES ('172', 'cum');
INSERT INTO `projects` (`id`, `name`) VALUES ('175', 'debitis');
INSERT INTO `projects` (`id`, `name`) VALUES ('102', 'dicta');
INSERT INTO `projects` (`id`, `name`) VALUES ('104', 'distinctio');
INSERT INTO `projects` (`id`, `name`) VALUES ('145', 'distinctio');
INSERT INTO `projects` (`id`, `name`) VALUES ('128', 'dolor');
INSERT INTO `projects` (`id`, `name`) VALUES ('189', 'dolorem');
INSERT INTO `projects` (`id`, `name`) VALUES ('115', 'dolores');
INSERT INTO `projects` (`id`, `name`) VALUES ('113', 'earum');
INSERT INTO `projects` (`id`, `name`) VALUES ('184', 'eligendi');
INSERT INTO `projects` (`id`, `name`) VALUES ('120', 'est');
INSERT INTO `projects` (`id`, `name`) VALUES ('112', 'et');
INSERT INTO `projects` (`id`, `name`) VALUES ('135', 'et');
INSERT INTO `projects` (`id`, `name`) VALUES ('142', 'et');
INSERT INTO `projects` (`id`, `name`) VALUES ('144', 'et');
INSERT INTO `projects` (`id`, `name`) VALUES ('157', 'et');
INSERT INTO `projects` (`id`, `name`) VALUES ('164', 'et');
INSERT INTO `projects` (`id`, `name`) VALUES ('169', 'et');
INSERT INTO `projects` (`id`, `name`) VALUES ('181', 'et');
INSERT INTO `projects` (`id`, `name`) VALUES ('133', 'eum');
INSERT INTO `projects` (`id`, `name`) VALUES ('140', 'eum');
INSERT INTO `projects` (`id`, `name`) VALUES ('127', 'eveniet');
INSERT INTO `projects` (`id`, `name`) VALUES ('150', 'eveniet');
INSERT INTO `projects` (`id`, `name`) VALUES ('107', 'expedita');
INSERT INTO `projects` (`id`, `name`) VALUES ('197', 'facere');
INSERT INTO `projects` (`id`, `name`) VALUES ('171', 'hic');
INSERT INTO `projects` (`id`, `name`) VALUES ('198', 'illo');
INSERT INTO `projects` (`id`, `name`) VALUES ('156', 'illum');
INSERT INTO `projects` (`id`, `name`) VALUES ('193', 'impedit');
INSERT INTO `projects` (`id`, `name`) VALUES ('131', 'ipsa');
INSERT INTO `projects` (`id`, `name`) VALUES ('122', 'iste');
INSERT INTO `projects` (`id`, `name`) VALUES ('136', 'laboriosam');
INSERT INTO `projects` (`id`, `name`) VALUES ('125', 'magnam');
INSERT INTO `projects` (`id`, `name`) VALUES ('174', 'magnam');
INSERT INTO `projects` (`id`, `name`) VALUES ('190', 'minus');
INSERT INTO `projects` (`id`, `name`) VALUES ('118', 'modi');
INSERT INTO `projects` (`id`, `name`) VALUES ('162', 'molestiae');
INSERT INTO `projects` (`id`, `name`) VALUES ('134', 'molestias');
INSERT INTO `projects` (`id`, `name`) VALUES ('109', 'mollitia');
INSERT INTO `projects` (`id`, `name`) VALUES ('159', 'natus');
INSERT INTO `projects` (`id`, `name`) VALUES ('195', 'nemo');
INSERT INTO `projects` (`id`, `name`) VALUES ('121', 'non');
INSERT INTO `projects` (`id`, `name`) VALUES ('123', 'non');
INSERT INTO `projects` (`id`, `name`) VALUES ('199', 'nulla');
INSERT INTO `projects` (`id`, `name`) VALUES ('191', 'odit');
INSERT INTO `projects` (`id`, `name`) VALUES ('180', 'officiis');
INSERT INTO `projects` (`id`, `name`) VALUES ('192', 'omnis');
INSERT INTO `projects` (`id`, `name`) VALUES ('139', 'optio');
INSERT INTO `projects` (`id`, `name`) VALUES ('141', 'perspiciatis');
INSERT INTO `projects` (`id`, `name`) VALUES ('187', 'porro');
INSERT INTO `projects` (`id`, `name`) VALUES ('124', 'praesentium');
INSERT INTO `projects` (`id`, `name`) VALUES ('151', 'quae');
INSERT INTO `projects` (`id`, `name`) VALUES ('143', 'quaerat');
INSERT INTO `projects` (`id`, `name`) VALUES ('173', 'quam');
INSERT INTO `projects` (`id`, `name`) VALUES ('110', 'quasi');
INSERT INTO `projects` (`id`, `name`) VALUES ('176', 'quasi');
INSERT INTO `projects` (`id`, `name`) VALUES ('154', 'qui');
INSERT INTO `projects` (`id`, `name`) VALUES ('163', 'quia');
INSERT INTO `projects` (`id`, `name`) VALUES ('186', 'quia');
INSERT INTO `projects` (`id`, `name`) VALUES ('179', 'quidem');
INSERT INTO `projects` (`id`, `name`) VALUES ('178', 'quisquam');
INSERT INTO `projects` (`id`, `name`) VALUES ('101', 'quo');
INSERT INTO `projects` (`id`, `name`) VALUES ('138', 'quo');
INSERT INTO `projects` (`id`, `name`) VALUES ('200', 'quo');
INSERT INTO `projects` (`id`, `name`) VALUES ('137', 'quos');
INSERT INTO `projects` (`id`, `name`) VALUES ('119', 'recusandae');
INSERT INTO `projects` (`id`, `name`) VALUES ('182', 'repellat');
INSERT INTO `projects` (`id`, `name`) VALUES ('170', 'rerum');
INSERT INTO `projects` (`id`, `name`) VALUES ('167', 'sed');
INSERT INTO `projects` (`id`, `name`) VALUES ('188', 'sed');
INSERT INTO `projects` (`id`, `name`) VALUES ('106', 'sit');
INSERT INTO `projects` (`id`, `name`) VALUES ('161', 'sit');
INSERT INTO `projects` (`id`, `name`) VALUES ('152', 'sunt');
INSERT INTO `projects` (`id`, `name`) VALUES ('111', 'tempora');
INSERT INTO `projects` (`id`, `name`) VALUES ('103', 'temporibus');
INSERT INTO `projects` (`id`, `name`) VALUES ('114', 'ut');
INSERT INTO `projects` (`id`, `name`) VALUES ('117', 'ut');
INSERT INTO `projects` (`id`, `name`) VALUES ('130', 'ut');
INSERT INTO `projects` (`id`, `name`) VALUES ('158', 'ut');
INSERT INTO `projects` (`id`, `name`) VALUES ('160', 'ut');
INSERT INTO `projects` (`id`, `name`) VALUES ('165', 'ut');
INSERT INTO `projects` (`id`, `name`) VALUES ('196', 'ut');
INSERT INTO `projects` (`id`, `name`) VALUES ('168', 'velit');
INSERT INTO `projects` (`id`, `name`) VALUES ('185', 'velit');
INSERT INTO `projects` (`id`, `name`) VALUES ('194', 'vero');
INSERT INTO `projects` (`id`, `name`) VALUES ('116', 'vitae');
INSERT INTO `projects` (`id`, `name`) VALUES ('166', 'voluptas');

INSERT INTO `members_projects` (`members_id`, `projects_id`) VALUES ('101', '101');
INSERT INTO `members_projects` (`members_id`, `projects_id`) VALUES ('102', '102');
INSERT INTO `members_projects` (`members_id`, `projects_id`) VALUES ('103', '103');
INSERT INTO `members_projects` (`members_id`, `projects_id`) VALUES ('104', '104');
INSERT INTO `members_projects` (`members_id`, `projects_id`) VALUES ('105', '105');
INSERT INTO `members_projects` (`members_id`, `projects_id`) VALUES ('106', '106');
INSERT INTO `members_projects` (`members_id`, `projects_id`) VALUES ('107', '107');
INSERT INTO `members_projects` (`members_id`, `projects_id`) VALUES ('108', '108');
INSERT INTO `members_projects` (`members_id`, `projects_id`) VALUES ('109', '109');
INSERT INTO `members_projects` (`members_id`, `projects_id`) VALUES ('110', '110');
INSERT INTO `members_projects` (`members_id`, `projects_id`) VALUES ('111', '111');
INSERT INTO `members_projects` (`members_id`, `projects_id`) VALUES ('112', '112');
INSERT INTO `members_projects` (`members_id`, `projects_id`) VALUES ('113', '113');
INSERT INTO `members_projects` (`members_id`, `projects_id`) VALUES ('114', '114');
INSERT INTO `members_projects` (`members_id`, `projects_id`) VALUES ('115', '115');
INSERT INTO `members_projects` (`members_id`, `projects_id`) VALUES ('116', '116');
INSERT INTO `members_projects` (`members_id`, `projects_id`) VALUES ('117', '117');
INSERT INTO `members_projects` (`members_id`, `projects_id`) VALUES ('118', '118');
INSERT INTO `members_projects` (`members_id`, `projects_id`) VALUES ('119', '119');
INSERT INTO `members_projects` (`members_id`, `projects_id`) VALUES ('120', '120');
INSERT INTO `members_projects` (`members_id`, `projects_id`) VALUES ('121', '121');
INSERT INTO `members_projects` (`members_id`, `projects_id`) VALUES ('122', '122');
INSERT INTO `members_projects` (`members_id`, `projects_id`) VALUES ('123', '123');
INSERT INTO `members_projects` (`members_id`, `projects_id`) VALUES ('124', '124');
INSERT INTO `members_projects` (`members_id`, `projects_id`) VALUES ('125', '125');
INSERT INTO `members_projects` (`members_id`, `projects_id`) VALUES ('126', '126');
INSERT INTO `members_projects` (`members_id`, `projects_id`) VALUES ('127', '127');
INSERT INTO `members_projects` (`members_id`, `projects_id`) VALUES ('128', '128');
INSERT INTO `members_projects` (`members_id`, `projects_id`) VALUES ('129', '129');
INSERT INTO `members_projects` (`members_id`, `projects_id`) VALUES ('130', '130');
INSERT INTO `members_projects` (`members_id`, `projects_id`) VALUES ('131', '131');
INSERT INTO `members_projects` (`members_id`, `projects_id`) VALUES ('132', '132');
INSERT INTO `members_projects` (`members_id`, `projects_id`) VALUES ('133', '133');
INSERT INTO `members_projects` (`members_id`, `projects_id`) VALUES ('134', '134');
INSERT INTO `members_projects` (`members_id`, `projects_id`) VALUES ('135', '135');
INSERT INTO `members_projects` (`members_id`, `projects_id`) VALUES ('136', '136');
INSERT INTO `members_projects` (`members_id`, `projects_id`) VALUES ('137', '137');
INSERT INTO `members_projects` (`members_id`, `projects_id`) VALUES ('138', '138');
INSERT INTO `members_projects` (`members_id`, `projects_id`) VALUES ('139', '139');
INSERT INTO `members_projects` (`members_id`, `projects_id`) VALUES ('140', '140');
INSERT INTO `members_projects` (`members_id`, `projects_id`) VALUES ('141', '141');
INSERT INTO `members_projects` (`members_id`, `projects_id`) VALUES ('142', '142');
INSERT INTO `members_projects` (`members_id`, `projects_id`) VALUES ('143', '143');
INSERT INTO `members_projects` (`members_id`, `projects_id`) VALUES ('144', '144');
INSERT INTO `members_projects` (`members_id`, `projects_id`) VALUES ('145', '145');
INSERT INTO `members_projects` (`members_id`, `projects_id`) VALUES ('146', '146');
INSERT INTO `members_projects` (`members_id`, `projects_id`) VALUES ('147', '147');
INSERT INTO `members_projects` (`members_id`, `projects_id`) VALUES ('148', '148');
INSERT INTO `members_projects` (`members_id`, `projects_id`) VALUES ('149', '149');
INSERT INTO `members_projects` (`members_id`, `projects_id`) VALUES ('150', '150');
INSERT INTO `members_projects` (`members_id`, `projects_id`) VALUES ('151', '151');
INSERT INTO `members_projects` (`members_id`, `projects_id`) VALUES ('152', '152');
INSERT INTO `members_projects` (`members_id`, `projects_id`) VALUES ('153', '153');
INSERT INTO `members_projects` (`members_id`, `projects_id`) VALUES ('154', '154');
INSERT INTO `members_projects` (`members_id`, `projects_id`) VALUES ('155', '155');
INSERT INTO `members_projects` (`members_id`, `projects_id`) VALUES ('156', '156');
INSERT INTO `members_projects` (`members_id`, `projects_id`) VALUES ('157', '157');
INSERT INTO `members_projects` (`members_id`, `projects_id`) VALUES ('158', '158');
INSERT INTO `members_projects` (`members_id`, `projects_id`) VALUES ('159', '159');
INSERT INTO `members_projects` (`members_id`, `projects_id`) VALUES ('160', '160');
INSERT INTO `members_projects` (`members_id`, `projects_id`) VALUES ('161', '161');
INSERT INTO `members_projects` (`members_id`, `projects_id`) VALUES ('162', '162');
INSERT INTO `members_projects` (`members_id`, `projects_id`) VALUES ('163', '163');
INSERT INTO `members_projects` (`members_id`, `projects_id`) VALUES ('164', '164');
INSERT INTO `members_projects` (`members_id`, `projects_id`) VALUES ('165', '165');
INSERT INTO `members_projects` (`members_id`, `projects_id`) VALUES ('166', '166');
INSERT INTO `members_projects` (`members_id`, `projects_id`) VALUES ('167', '167');
INSERT INTO `members_projects` (`members_id`, `projects_id`) VALUES ('168', '168');
INSERT INTO `members_projects` (`members_id`, `projects_id`) VALUES ('169', '169');
INSERT INTO `members_projects` (`members_id`, `projects_id`) VALUES ('170', '170');
INSERT INTO `members_projects` (`members_id`, `projects_id`) VALUES ('171', '171');
INSERT INTO `members_projects` (`members_id`, `projects_id`) VALUES ('172', '172');
INSERT INTO `members_projects` (`members_id`, `projects_id`) VALUES ('173', '173');
INSERT INTO `members_projects` (`members_id`, `projects_id`) VALUES ('174', '174');
INSERT INTO `members_projects` (`members_id`, `projects_id`) VALUES ('175', '175');
INSERT INTO `members_projects` (`members_id`, `projects_id`) VALUES ('176', '176');
INSERT INTO `members_projects` (`members_id`, `projects_id`) VALUES ('177', '177');
INSERT INTO `members_projects` (`members_id`, `projects_id`) VALUES ('178', '178');
INSERT INTO `members_projects` (`members_id`, `projects_id`) VALUES ('179', '179');
INSERT INTO `members_projects` (`members_id`, `projects_id`) VALUES ('180', '180');
INSERT INTO `members_projects` (`members_id`, `projects_id`) VALUES ('181', '181');
INSERT INTO `members_projects` (`members_id`, `projects_id`) VALUES ('182', '182');
INSERT INTO `members_projects` (`members_id`, `projects_id`) VALUES ('183', '183');
INSERT INTO `members_projects` (`members_id`, `projects_id`) VALUES ('184', '184');
INSERT INTO `members_projects` (`members_id`, `projects_id`) VALUES ('185', '185');
INSERT INTO `members_projects` (`members_id`, `projects_id`) VALUES ('186', '186');
INSERT INTO `members_projects` (`members_id`, `projects_id`) VALUES ('187', '187');
INSERT INTO `members_projects` (`members_id`, `projects_id`) VALUES ('188', '188');
INSERT INTO `members_projects` (`members_id`, `projects_id`) VALUES ('189', '189');
INSERT INTO `members_projects` (`members_id`, `projects_id`) VALUES ('190', '190');
INSERT INTO `members_projects` (`members_id`, `projects_id`) VALUES ('191', '191');
INSERT INTO `members_projects` (`members_id`, `projects_id`) VALUES ('192', '192');
INSERT INTO `members_projects` (`members_id`, `projects_id`) VALUES ('193', '193');
INSERT INTO `members_projects` (`members_id`, `projects_id`) VALUES ('194', '194');
INSERT INTO `members_projects` (`members_id`, `projects_id`) VALUES ('195', '195');
INSERT INTO `members_projects` (`members_id`, `projects_id`) VALUES ('196', '196');
INSERT INTO `members_projects` (`members_id`, `projects_id`) VALUES ('197', '197');
INSERT INTO `members_projects` (`members_id`, `projects_id`) VALUES ('198', '198');
INSERT INTO `members_projects` (`members_id`, `projects_id`) VALUES ('199', '199');
INSERT INTO `members_projects` (`members_id`, `projects_id`) VALUES ('200', '200');

INSERT INTO `members_departmens` (`members_id`, `departmens_id`) VALUES ('101', '101');
INSERT INTO `members_departmens` (`members_id`, `departmens_id`) VALUES ('102', '102');
INSERT INTO `members_departmens` (`members_id`, `departmens_id`) VALUES ('103', '103');
INSERT INTO `members_departmens` (`members_id`, `departmens_id`) VALUES ('104', '104');
INSERT INTO `members_departmens` (`members_id`, `departmens_id`) VALUES ('105', '105');
INSERT INTO `members_departmens` (`members_id`, `departmens_id`) VALUES ('106', '106');
INSERT INTO `members_departmens` (`members_id`, `departmens_id`) VALUES ('107', '107');
INSERT INTO `members_departmens` (`members_id`, `departmens_id`) VALUES ('108', '108');
INSERT INTO `members_departmens` (`members_id`, `departmens_id`) VALUES ('109', '109');
INSERT INTO `members_departmens` (`members_id`, `departmens_id`) VALUES ('110', '110');
INSERT INTO `members_departmens` (`members_id`, `departmens_id`) VALUES ('111', '111');
INSERT INTO `members_departmens` (`members_id`, `departmens_id`) VALUES ('112', '112');
INSERT INTO `members_departmens` (`members_id`, `departmens_id`) VALUES ('113', '113');
INSERT INTO `members_departmens` (`members_id`, `departmens_id`) VALUES ('114', '114');
INSERT INTO `members_departmens` (`members_id`, `departmens_id`) VALUES ('115', '115');
INSERT INTO `members_departmens` (`members_id`, `departmens_id`) VALUES ('116', '116');
INSERT INTO `members_departmens` (`members_id`, `departmens_id`) VALUES ('117', '117');
INSERT INTO `members_departmens` (`members_id`, `departmens_id`) VALUES ('118', '118');
INSERT INTO `members_departmens` (`members_id`, `departmens_id`) VALUES ('119', '119');
INSERT INTO `members_departmens` (`members_id`, `departmens_id`) VALUES ('120', '120');
INSERT INTO `members_departmens` (`members_id`, `departmens_id`) VALUES ('121', '121');
INSERT INTO `members_departmens` (`members_id`, `departmens_id`) VALUES ('122', '122');
INSERT INTO `members_departmens` (`members_id`, `departmens_id`) VALUES ('123', '123');
INSERT INTO `members_departmens` (`members_id`, `departmens_id`) VALUES ('124', '124');
INSERT INTO `members_departmens` (`members_id`, `departmens_id`) VALUES ('125', '125');
INSERT INTO `members_departmens` (`members_id`, `departmens_id`) VALUES ('126', '126');
INSERT INTO `members_departmens` (`members_id`, `departmens_id`) VALUES ('127', '127');
INSERT INTO `members_departmens` (`members_id`, `departmens_id`) VALUES ('128', '128');
INSERT INTO `members_departmens` (`members_id`, `departmens_id`) VALUES ('129', '129');
INSERT INTO `members_departmens` (`members_id`, `departmens_id`) VALUES ('130', '130');
INSERT INTO `members_departmens` (`members_id`, `departmens_id`) VALUES ('131', '131');
INSERT INTO `members_departmens` (`members_id`, `departmens_id`) VALUES ('132', '132');
INSERT INTO `members_departmens` (`members_id`, `departmens_id`) VALUES ('133', '133');
INSERT INTO `members_departmens` (`members_id`, `departmens_id`) VALUES ('134', '134');
INSERT INTO `members_departmens` (`members_id`, `departmens_id`) VALUES ('135', '135');
INSERT INTO `members_departmens` (`members_id`, `departmens_id`) VALUES ('136', '136');
INSERT INTO `members_departmens` (`members_id`, `departmens_id`) VALUES ('137', '137');
INSERT INTO `members_departmens` (`members_id`, `departmens_id`) VALUES ('138', '138');
INSERT INTO `members_departmens` (`members_id`, `departmens_id`) VALUES ('139', '139');
INSERT INTO `members_departmens` (`members_id`, `departmens_id`) VALUES ('140', '140');
INSERT INTO `members_departmens` (`members_id`, `departmens_id`) VALUES ('141', '141');
INSERT INTO `members_departmens` (`members_id`, `departmens_id`) VALUES ('142', '142');
INSERT INTO `members_departmens` (`members_id`, `departmens_id`) VALUES ('143', '143');
INSERT INTO `members_departmens` (`members_id`, `departmens_id`) VALUES ('144', '144');
INSERT INTO `members_departmens` (`members_id`, `departmens_id`) VALUES ('145', '145');
INSERT INTO `members_departmens` (`members_id`, `departmens_id`) VALUES ('146', '146');
INSERT INTO `members_departmens` (`members_id`, `departmens_id`) VALUES ('147', '147');
INSERT INTO `members_departmens` (`members_id`, `departmens_id`) VALUES ('148', '148');
INSERT INTO `members_departmens` (`members_id`, `departmens_id`) VALUES ('149', '149');
INSERT INTO `members_departmens` (`members_id`, `departmens_id`) VALUES ('150', '150');
INSERT INTO `members_departmens` (`members_id`, `departmens_id`) VALUES ('151', '151');
INSERT INTO `members_departmens` (`members_id`, `departmens_id`) VALUES ('152', '152');
INSERT INTO `members_departmens` (`members_id`, `departmens_id`) VALUES ('153', '153');
INSERT INTO `members_departmens` (`members_id`, `departmens_id`) VALUES ('154', '154');
INSERT INTO `members_departmens` (`members_id`, `departmens_id`) VALUES ('155', '155');
INSERT INTO `members_departmens` (`members_id`, `departmens_id`) VALUES ('156', '156');
INSERT INTO `members_departmens` (`members_id`, `departmens_id`) VALUES ('157', '157');
INSERT INTO `members_departmens` (`members_id`, `departmens_id`) VALUES ('158', '158');
INSERT INTO `members_departmens` (`members_id`, `departmens_id`) VALUES ('159', '159');
INSERT INTO `members_departmens` (`members_id`, `departmens_id`) VALUES ('160', '160');
INSERT INTO `members_departmens` (`members_id`, `departmens_id`) VALUES ('161', '161');
INSERT INTO `members_departmens` (`members_id`, `departmens_id`) VALUES ('162', '162');
INSERT INTO `members_departmens` (`members_id`, `departmens_id`) VALUES ('163', '163');
INSERT INTO `members_departmens` (`members_id`, `departmens_id`) VALUES ('164', '164');
INSERT INTO `members_departmens` (`members_id`, `departmens_id`) VALUES ('165', '165');
INSERT INTO `members_departmens` (`members_id`, `departmens_id`) VALUES ('166', '166');
INSERT INTO `members_departmens` (`members_id`, `departmens_id`) VALUES ('167', '167');
INSERT INTO `members_departmens` (`members_id`, `departmens_id`) VALUES ('168', '168');
INSERT INTO `members_departmens` (`members_id`, `departmens_id`) VALUES ('169', '169');
INSERT INTO `members_departmens` (`members_id`, `departmens_id`) VALUES ('170', '170');
INSERT INTO `members_departmens` (`members_id`, `departmens_id`) VALUES ('171', '171');
INSERT INTO `members_departmens` (`members_id`, `departmens_id`) VALUES ('172', '172');
INSERT INTO `members_departmens` (`members_id`, `departmens_id`) VALUES ('173', '173');
INSERT INTO `members_departmens` (`members_id`, `departmens_id`) VALUES ('174', '174');
INSERT INTO `members_departmens` (`members_id`, `departmens_id`) VALUES ('175', '175');
INSERT INTO `members_departmens` (`members_id`, `departmens_id`) VALUES ('176', '176');
INSERT INTO `members_departmens` (`members_id`, `departmens_id`) VALUES ('177', '177');
INSERT INTO `members_departmens` (`members_id`, `departmens_id`) VALUES ('178', '178');
INSERT INTO `members_departmens` (`members_id`, `departmens_id`) VALUES ('179', '179');
INSERT INTO `members_departmens` (`members_id`, `departmens_id`) VALUES ('180', '180');
INSERT INTO `members_departmens` (`members_id`, `departmens_id`) VALUES ('181', '181');
INSERT INTO `members_departmens` (`members_id`, `departmens_id`) VALUES ('182', '182');
INSERT INTO `members_departmens` (`members_id`, `departmens_id`) VALUES ('183', '183');
INSERT INTO `members_departmens` (`members_id`, `departmens_id`) VALUES ('184', '184');
INSERT INTO `members_departmens` (`members_id`, `departmens_id`) VALUES ('185', '185');
INSERT INTO `members_departmens` (`members_id`, `departmens_id`) VALUES ('186', '186');
INSERT INTO `members_departmens` (`members_id`, `departmens_id`) VALUES ('187', '187');
INSERT INTO `members_departmens` (`members_id`, `departmens_id`) VALUES ('188', '188');
INSERT INTO `members_departmens` (`members_id`, `departmens_id`) VALUES ('189', '189');
INSERT INTO `members_departmens` (`members_id`, `departmens_id`) VALUES ('190', '190');
INSERT INTO `members_departmens` (`members_id`, `departmens_id`) VALUES ('191', '191');
INSERT INTO `members_departmens` (`members_id`, `departmens_id`) VALUES ('192', '192');
INSERT INTO `members_departmens` (`members_id`, `departmens_id`) VALUES ('193', '193');
INSERT INTO `members_departmens` (`members_id`, `departmens_id`) VALUES ('194', '194');
INSERT INTO `members_departmens` (`members_id`, `departmens_id`) VALUES ('195', '195');
INSERT INTO `members_departmens` (`members_id`, `departmens_id`) VALUES ('196', '196');
INSERT INTO `members_departmens` (`members_id`, `departmens_id`) VALUES ('197', '197');
INSERT INTO `members_departmens` (`members_id`, `departmens_id`) VALUES ('198', '198');
INSERT INTO `members_departmens` (`members_id`, `departmens_id`) VALUES ('199', '199');
INSERT INTO `members_departmens` (`members_id`, `departmens_id`) VALUES ('200', '200');


INSERT INTO `instructions` (`id`, `name`, `content`, `created_at`, `updated_at`) VALUES ('101', 'enim', 'Aut tenetur occaecati soluta magni. Molestiae assumenda libero harum dolorum quibusdam. Tempore est et eum voluptas.', '2010-09-14 18:01:46', '2018-06-04 20:28:59');
INSERT INTO `instructions` (`id`, `name`, `content`, `created_at`, `updated_at`) VALUES ('102', 'et', 'Esse autem ut velit soluta hic. Qui sint dolores aperiam magni non eaque. Saepe accusamus doloribus corrupti quis consectetur rem illum.', '2008-10-03 01:35:10', '2011-05-07 03:49:49');
INSERT INTO `instructions` (`id`, `name`, `content`, `created_at`, `updated_at`) VALUES ('103', 'odio', 'Ducimus possimus est error dolores sed. Quibusdam illo suscipit ea. In est distinctio vel distinctio aliquam molestiae vel et.', '1989-04-10 21:28:24', '2009-12-16 17:14:51');
INSERT INTO `instructions` (`id`, `name`, `content`, `created_at`, `updated_at`) VALUES ('104', 'est', 'Illum itaque minus repellendus temporibus aut inventore. Ratione iste omnis qui et. Illo ipsum maiores necessitatibus animi. Et saepe quas cupiditate ad.', '2010-11-13 01:49:39', '1976-04-02 04:01:57');
INSERT INTO `instructions` (`id`, `name`, `content`, `created_at`, `updated_at`) VALUES ('105', 'aut', 'Nemo veniam minus et. Dolor quia deleniti repellendus aperiam animi dolores. Odit explicabo illo voluptatem est. Hic fuga repellendus maiores ex rerum ea.', '1983-07-17 16:49:43', '1992-08-20 14:10:53');
INSERT INTO `instructions` (`id`, `name`, `content`, `created_at`, `updated_at`) VALUES ('106', 'ut', 'Dicta itaque ut consequatur est vel. Minima perspiciatis dolores explicabo. Doloribus est porro possimus quia. Sit nemo facere quo itaque.', '2011-06-20 10:38:06', '2000-12-05 11:35:47');
INSERT INTO `instructions` (`id`, `name`, `content`, `created_at`, `updated_at`) VALUES ('107', 'amet', 'Et commodi vel officiis necessitatibus sint blanditiis. Veritatis ex tenetur magnam non. Nihil voluptatem reiciendis sapiente cumque cumque sit atque voluptates.', '1970-09-07 06:53:17', '1976-04-03 22:31:05');
INSERT INTO `instructions` (`id`, `name`, `content`, `created_at`, `updated_at`) VALUES ('108', 'iusto', 'Perferendis quaerat repudiandae qui adipisci. Qui ut dolor quasi quo earum. Hic mollitia soluta nobis quia vel veritatis et. Qui dolorem aliquid in cumque sunt sunt unde.', '1975-01-25 21:43:55', '2001-03-07 20:53:16');
INSERT INTO `instructions` (`id`, `name`, `content`, `created_at`, `updated_at`) VALUES ('109', 'nihil', 'Cum ipsa rerum rem eaque eos voluptates voluptas. Perferendis illum perferendis veritatis in. Similique temporibus quas sint aliquam. Eum impedit et ex officia sed quos. Saepe doloremque ipsam autem.', '1988-06-08 07:58:44', '1973-06-22 10:16:56');
INSERT INTO `instructions` (`id`, `name`, `content`, `created_at`, `updated_at`) VALUES ('110', 'dignissimos', 'Non qui et autem et est. Dolorum ut tempora architecto harum. Ad enim earum dolores ducimus. Ut dolor alias ipsa omnis.', '1981-02-07 17:04:20', '2002-03-03 20:59:25');
INSERT INTO `instructions` (`id`, `name`, `content`, `created_at`, `updated_at`) VALUES ('111', 'temporibus', 'Rerum magnam quis alias. Rerum unde odio et assumenda et. Saepe autem ipsam non quod eum quae sunt.', '1981-09-17 04:17:15', '1978-01-02 05:18:57');
INSERT INTO `instructions` (`id`, `name`, `content`, `created_at`, `updated_at`) VALUES ('112', 'ut', 'Omnis occaecati id vel modi asperiores rem. Sint aliquid quo quod est at. Explicabo voluptas quasi dolores reprehenderit corrupti.', '1981-09-25 12:34:37', '2017-02-13 17:04:56');
INSERT INTO `instructions` (`id`, `name`, `content`, `created_at`, `updated_at`) VALUES ('113', 'et', 'Odio aut non ut architecto. Fugit pariatur perspiciatis possimus sapiente. Dolores et aut rerum ea.', '2005-04-13 23:31:32', '1985-12-11 22:16:08');
INSERT INTO `instructions` (`id`, `name`, `content`, `created_at`, `updated_at`) VALUES ('114', 'est', 'Nam temporibus laborum inventore qui tempora dolor quas. Perferendis est vero voluptatum laboriosam ex quos. Inventore dolor voluptate fugit tempora.', '1983-10-16 06:27:50', '2018-06-08 17:44:43');
INSERT INTO `instructions` (`id`, `name`, `content`, `created_at`, `updated_at`) VALUES ('115', 'rerum', 'Quam deleniti omnis ad expedita. Ut eius cumque cupiditate deserunt. Et eum odio aut excepturi. Odio impedit nam ut.', '2004-07-05 17:08:00', '1990-08-11 05:55:01');
INSERT INTO `instructions` (`id`, `name`, `content`, `created_at`, `updated_at`) VALUES ('116', 'sunt', 'Harum et repellendus id et ratione quod commodi. Quibusdam quia nesciunt perferendis qui. Ut quae quisquam itaque molestiae voluptatum possimus laboriosam. Autem nobis laborum velit totam unde.', '2000-04-10 07:51:52', '1987-10-22 03:30:07');
INSERT INTO `instructions` (`id`, `name`, `content`, `created_at`, `updated_at`) VALUES ('117', 'asperiores', 'Aliquid facere magnam quae placeat blanditiis non. Beatae suscipit temporibus maxime corrupti eos. Enim et et rerum suscipit et pariatur debitis. Rem atque enim doloribus nostrum.', '1996-04-12 20:03:59', '1995-01-23 01:14:58');
INSERT INTO `instructions` (`id`, `name`, `content`, `created_at`, `updated_at`) VALUES ('118', 'tempore', 'Sit esse rem sapiente cumque non accusantium odio. Aut dolorem quidem provident accusantium. Sunt tempora id nihil. Consequuntur ut consequatur saepe qui modi impedit sed.', '2017-05-27 21:16:21', '1988-04-08 01:31:41');
INSERT INTO `instructions` (`id`, `name`, `content`, `created_at`, `updated_at`) VALUES ('119', 'modi', 'Nisi quis deserunt qui. Ut tempore in inventore ab amet facere. Odio et sunt rem eligendi molestiae incidunt consequatur.\nEa magni quaerat consequatur consequatur. Ut quo fugit voluptatem.', '1985-02-20 09:06:43', '1981-08-24 14:03:54');
INSERT INTO `instructions` (`id`, `name`, `content`, `created_at`, `updated_at`) VALUES ('120', 'impedit', 'Fuga dolorem dolorem blanditiis laborum qui optio. Sapiente ducimus fugit quaerat. Eligendi molestias consequuntur id. Quisquam tempore eaque esse ex aspernatur quod.', '2000-09-23 00:11:50', '1994-02-01 04:04:18');
INSERT INTO `instructions` (`id`, `name`, `content`, `created_at`, `updated_at`) VALUES ('121', 'quae', 'Quis et aut molestias natus. Minima aut porro quasi sit tenetur est error. Consectetur reprehenderit minus minus.', '1986-03-22 09:38:41', '1971-04-18 14:43:49');
INSERT INTO `instructions` (`id`, `name`, `content`, `created_at`, `updated_at`) VALUES ('122', 'ipsam', 'Et et reiciendis nobis similique et. Ratione optio dolorem cupiditate inventore maxime. Praesentium ex eligendi explicabo illo.', '1974-06-01 09:32:48', '1991-10-31 11:39:11');
INSERT INTO `instructions` (`id`, `name`, `content`, `created_at`, `updated_at`) VALUES ('123', 'deserunt', 'Explicabo aut rerum ut officiis voluptas. Modi praesentium et magni dolor commodi.', '1974-06-02 21:40:00', '2001-07-08 06:24:29');
INSERT INTO `instructions` (`id`, `name`, `content`, `created_at`, `updated_at`) VALUES ('124', 'incidunt', 'Omnis et a voluptatibus. Non itaque similique voluptas maiores quisquam provident deleniti. Omnis laborum voluptatem quo consequuntur.', '1997-09-16 18:33:13', '1983-09-14 23:01:49');
INSERT INTO `instructions` (`id`, `name`, `content`, `created_at`, `updated_at`) VALUES ('125', 'vel', 'Omnis pariatur facere fuga asperiores quidem culpa. Eius qui in vero non qui. Rem voluptatem debitis id numquam consequatur qui nesciunt dolores.', '1997-11-07 02:55:21', '2002-01-27 15:03:13');
INSERT INTO `instructions` (`id`, `name`, `content`, `created_at`, `updated_at`) VALUES ('126', 'assumenda', 'Explicabo blanditiis a laudantium ut quam hic dolor maxime. Voluptas consequatur distinctio esse quo quisquam. Dicta molestiae sit quia veniam unde. Autem cum consequatur eveniet eveniet ex.', '1994-06-11 19:11:02', '2017-09-28 13:05:05');
INSERT INTO `instructions` (`id`, `name`, `content`, `created_at`, `updated_at`) VALUES ('127', 'quae', 'Dolor consequatur repellat suscipit similique. Doloremque officiis eum earum quos aut delectus atque. Recusandae qui et quia odit.', '1977-06-01 04:38:33', '1986-06-21 16:29:23');
INSERT INTO `instructions` (`id`, `name`, `content`, `created_at`, `updated_at`) VALUES ('128', 'rerum', 'Et fuga mollitia eligendi repellat animi. Molestias omnis quis est ut commodi sapiente. Rem officiis iure eaque sint et sit.', '1986-04-27 23:24:10', '1978-08-06 12:49:00');
INSERT INTO `instructions` (`id`, `name`, `content`, `created_at`, `updated_at`) VALUES ('129', 'quo', 'Consequatur aut omnis debitis deleniti. Neque consequuntur iste est omnis nihil aliquid necessitatibus voluptatem.', '1994-12-26 21:03:23', '2004-07-10 15:17:44');
INSERT INTO `instructions` (`id`, `name`, `content`, `created_at`, `updated_at`) VALUES ('130', 'exercitationem', 'Voluptatibus non iusto quae velit ut eligendi quis. Fugiat unde et cumque reprehenderit. Nam aut eaque fuga et ex. Corporis enim dicta ut repellat et.', '2009-04-21 14:41:39', '2008-12-22 19:33:40');
INSERT INTO `instructions` (`id`, `name`, `content`, `created_at`, `updated_at`) VALUES ('131', 'totam', 'Dolor est voluptas aut facere sint id. Eos corporis voluptatem sunt corporis aut ab quo nobis. Quia qui iure ad quam. Delectus ipsum eum aut alias.', '1972-08-02 15:24:27', '2002-11-17 05:33:26');
INSERT INTO `instructions` (`id`, `name`, `content`, `created_at`, `updated_at`) VALUES ('132', 'est', 'Veritatis ducimus laboriosam esse sed odit facere. Cupiditate debitis repudiandae necessitatibus iure.', '1989-05-21 19:07:58', '1974-09-07 06:45:15');
INSERT INTO `instructions` (`id`, `name`, `content`, `created_at`, `updated_at`) VALUES ('133', 'aperiam', 'Aut occaecati a temporibus. Similique aut quasi magni omnis officia ullam minus. Illum assumenda necessitatibus quae ea consequatur laudantium.', '2000-06-27 07:49:51', '2012-05-12 19:19:23');
INSERT INTO `instructions` (`id`, `name`, `content`, `created_at`, `updated_at`) VALUES ('134', 'illo', 'Explicabo nemo non sed. Ut possimus nisi consequatur corporis necessitatibus. Dolorem totam rerum quis qui consequuntur enim saepe. Quo qui doloremque et consequatur necessitatibus.', '1984-12-12 03:21:42', '2015-02-27 18:50:47');
INSERT INTO `instructions` (`id`, `name`, `content`, `created_at`, `updated_at`) VALUES ('135', 'debitis', 'Illo quos sed tempore ut. Qui quidem corrupti quisquam. Numquam minima ut quis unde numquam placeat natus. Minima ut placeat dicta quasi tempora et dolorem aliquid.', '2005-09-01 11:35:58', '2017-12-06 16:04:42');
INSERT INTO `instructions` (`id`, `name`, `content`, `created_at`, `updated_at`) VALUES ('136', 'ea', 'Et sunt alias laudantium tenetur. Culpa occaecati enim deserunt animi ullam necessitatibus nostrum. Ea exercitationem delectus nulla minima autem dolorem.', '1974-09-01 06:29:58', '1991-09-01 05:25:46');
INSERT INTO `instructions` (`id`, `name`, `content`, `created_at`, `updated_at`) VALUES ('137', 'vel', 'Cupiditate eveniet ut deleniti iste. Odit dolor perspiciatis consequuntur. Quia voluptas vel pariatur ut quia voluptatem odit.', '2020-02-17 22:44:04', '1976-11-06 01:38:01');
INSERT INTO `instructions` (`id`, `name`, `content`, `created_at`, `updated_at`) VALUES ('138', 'consequatur', 'Dolor praesentium eos debitis aliquam accusamus. Aut labore aperiam reiciendis. Asperiores inventore eligendi nihil debitis eius. Fugit animi maxime similique quo cumque consequatur.', '1992-07-25 16:13:55', '1973-02-28 18:12:49');
INSERT INTO `instructions` (`id`, `name`, `content`, `created_at`, `updated_at`) VALUES ('139', 'praesentium', 'Ut praesentium inventore ea ut. Accusantium et maiores natus molestias enim rerum est. Quod quaerat sit consectetur suscipit rem reprehenderit. Sit optio exercitationem quisquam nam.', '2008-12-01 09:47:30', '1989-12-24 21:05:51');
INSERT INTO `instructions` (`id`, `name`, `content`, `created_at`, `updated_at`) VALUES ('140', 'mollitia', 'Qui exercitationem dolores earum iste eius. Fugiat veritatis omnis provident et cumque.', '1988-07-26 07:09:07', '1983-11-20 07:28:25');
INSERT INTO `instructions` (`id`, `name`, `content`, `created_at`, `updated_at`) VALUES ('141', 'dolores', 'Enim rem voluptates cum id ad. Non sunt sapiente ratione est est dolores et. Velit ut culpa asperiores. Illo beatae sapiente sed.', '1997-03-28 03:39:40', '1977-10-06 09:06:19');
INSERT INTO `instructions` (`id`, `name`, `content`, `created_at`, `updated_at`) VALUES ('142', 'id', 'Corporis non aut vero. Et pariatur aut vitae quis non quibusdam quasi. Reiciendis illum eligendi eius nobis nulla.', '2003-05-16 18:33:09', '2002-09-01 02:55:34');
INSERT INTO `instructions` (`id`, `name`, `content`, `created_at`, `updated_at`) VALUES ('143', 'omnis', 'Ut maiores autem qui exercitationem aliquid quibusdam labore. Quia sed ipsam voluptas eos pariatur veritatis aut. Facilis veniam enim et magnam aut consequatur. Temporibus voluptatibus et placeat.', '2014-08-28 08:25:06', '1998-04-05 23:27:19');
INSERT INTO `instructions` (`id`, `name`, `content`, `created_at`, `updated_at`) VALUES ('144', 'adipisci', 'Ex est in consequatur praesentium non sapiente consequatur velit. Laboriosam hic sit ea odio sequi inventore.', '1981-10-10 20:06:51', '1993-10-24 19:23:47');
INSERT INTO `instructions` (`id`, `name`, `content`, `created_at`, `updated_at`) VALUES ('145', 'qui', 'Molestias aspernatur et incidunt quia dolorem. Pariatur dolore eveniet sint totam. Totam perspiciatis rerum vero sint aspernatur hic. Excepturi sed id sit facilis aliquam quas.', '1992-12-08 11:50:06', '1991-04-04 13:13:09');
INSERT INTO `instructions` (`id`, `name`, `content`, `created_at`, `updated_at`) VALUES ('146', 'necessitatibus', 'Cum et quibusdam culpa at odio maxime minus. Autem eligendi non similique corrupti enim in. Rem et nisi magnam et.', '2019-01-09 01:14:33', '2016-08-05 06:54:14');
INSERT INTO `instructions` (`id`, `name`, `content`, `created_at`, `updated_at`) VALUES ('147', 'accusamus', 'Vitae labore quas sit eligendi et ea et. Totam repellat officiis nam ut placeat. Facere cupiditate ipsam laboriosam qui nihil optio magnam.', '1999-09-24 07:15:54', '1984-08-17 01:22:11');
INSERT INTO `instructions` (`id`, `name`, `content`, `created_at`, `updated_at`) VALUES ('148', 'quasi', 'Consequatur ad illum fugiat. Sequi fugit nostrum excepturi ad labore minima dolorem. Corporis quos autem esse officiis rerum eum. Sit distinctio expedita ad laboriosam.', '1985-01-09 22:36:30', '2015-09-02 18:07:12');
INSERT INTO `instructions` (`id`, `name`, `content`, `created_at`, `updated_at`) VALUES ('149', 'nemo', 'Non cum soluta libero vel corporis aliquam nihil aut. Ut non repellendus cum quisquam repudiandae. Rerum impedit ut culpa itaque explicabo quod.', '2019-08-10 05:30:30', '1998-07-11 04:14:38');
INSERT INTO `instructions` (`id`, `name`, `content`, `created_at`, `updated_at`) VALUES ('150', 'autem', 'Iure eveniet eum ut excepturi aut voluptatum. Enim aut quas quisquam accusantium.', '1986-02-24 10:43:25', '2003-07-11 18:43:13');
INSERT INTO `instructions` (`id`, `name`, `content`, `created_at`, `updated_at`) VALUES ('151', 'ad', 'Adipisci debitis beatae consequatur est id. Porro fugit voluptas sit. Nemo perspiciatis quod velit officiis qui est.', '2000-08-19 13:44:10', '1991-08-07 03:52:35');
INSERT INTO `instructions` (`id`, `name`, `content`, `created_at`, `updated_at`) VALUES ('152', 'nobis', 'Ut omnis optio quidem illo minus non magni. Quibusdam libero culpa commodi itaque. Alias cum consectetur unde eius atque. Explicabo maiores dolores enim asperiores facilis quis.', '2007-04-22 01:31:42', '2011-11-12 18:20:51');
INSERT INTO `instructions` (`id`, `name`, `content`, `created_at`, `updated_at`) VALUES ('153', 'labore', 'Architecto accusantium dolores repudiandae vel. Accusantium eos illo debitis non. Illo accusamus quaerat blanditiis perspiciatis.', '1993-07-02 04:25:42', '2008-12-05 19:14:15');
INSERT INTO `instructions` (`id`, `name`, `content`, `created_at`, `updated_at`) VALUES ('154', 'exercitationem', 'Amet nostrum ullam molestias quia. Ut similique deleniti mollitia non odio. Placeat enim molestiae quaerat ea labore rerum nobis. Fugiat ad possimus ea tempora debitis odio.', '1982-07-22 05:01:21', '1983-02-13 01:26:20');
INSERT INTO `instructions` (`id`, `name`, `content`, `created_at`, `updated_at`) VALUES ('155', 'ratione', 'Itaque deleniti dolore aut eos placeat minus enim exercitationem. Eum reprehenderit nemo eaque. Quia nostrum officia tempore ad. Et nobis voluptas sunt voluptatem aliquid necessitatibus et.', '1973-11-08 05:44:24', '1981-04-05 14:47:20');
INSERT INTO `instructions` (`id`, `name`, `content`, `created_at`, `updated_at`) VALUES ('156', 'sint', 'Voluptas ex velit placeat sapiente et sunt. Perspiciatis nisi assumenda praesentium nemo sint. Eum consequatur aut libero incidunt at voluptatum est aliquid. Quam nesciunt omnis in optio.', '1978-09-01 10:14:24', '1973-08-25 00:23:04');
INSERT INTO `instructions` (`id`, `name`, `content`, `created_at`, `updated_at`) VALUES ('157', 'eum', 'Ut ut sunt eos adipisci. Alias eligendi dolorem expedita facilis aut assumenda. Voluptatum et distinctio sit et quia nulla.', '1990-08-03 00:43:18', '1993-09-01 04:41:23');
INSERT INTO `instructions` (`id`, `name`, `content`, `created_at`, `updated_at`) VALUES ('158', 'debitis', 'Repudiandae eveniet nihil consequatur in. Perspiciatis in aut quod corporis sint doloribus quia voluptatem. Facere aspernatur occaecati vero in.', '2007-07-10 12:55:18', '1979-08-22 13:59:55');
INSERT INTO `instructions` (`id`, `name`, `content`, `created_at`, `updated_at`) VALUES ('159', 'quis', 'Quibusdam at praesentium incidunt accusantium odio dolor commodi optio. Eligendi voluptatum quo a dolorem ipsa ipsum eius. Maxime natus a sed non.', '1970-07-19 23:41:30', '2013-05-23 03:19:45');
INSERT INTO `instructions` (`id`, `name`, `content`, `created_at`, `updated_at`) VALUES ('160', 'non', 'Nemo nemo dolores itaque aut. Et et sint asperiores tempora. Soluta nam molestiae delectus quisquam totam at et.', '2018-04-25 01:48:35', '1988-02-22 00:55:28');
INSERT INTO `instructions` (`id`, `name`, `content`, `created_at`, `updated_at`) VALUES ('161', 'cumque', 'Velit rerum ipsa distinctio eum saepe. Vel ratione non qui et ipsa. Quis ab eligendi fugiat assumenda consectetur dicta. Temporibus praesentium numquam sint veritatis qui.', '1978-06-14 14:45:24', '2004-07-23 20:51:36');
INSERT INTO `instructions` (`id`, `name`, `content`, `created_at`, `updated_at`) VALUES ('162', 'quas', 'Labore quis ipsa sint eum ea. A cumque sed commodi at nihil ullam ea. Odit ut animi ea quis.', '1973-10-20 09:03:58', '1975-09-19 16:17:15');
INSERT INTO `instructions` (`id`, `name`, `content`, `created_at`, `updated_at`) VALUES ('163', 'in', 'Unde et tenetur ea sint impedit. Qui dolor minus fugiat dicta. Et dolores qui quae ipsam aut. Ut ut tempore ex qui autem consequuntur ullam.', '2008-08-30 22:49:18', '2019-02-04 11:39:57');
INSERT INTO `instructions` (`id`, `name`, `content`, `created_at`, `updated_at`) VALUES ('164', 'quia', 'Eos ab saepe sed facilis et mollitia magni. Earum ut a aut officia hic reiciendis. Quia consequatur doloribus eius consequatur omnis eveniet non.', '2011-05-23 12:30:18', '2009-07-31 12:58:57');
INSERT INTO `instructions` (`id`, `name`, `content`, `created_at`, `updated_at`) VALUES ('165', 'ut', 'Quidem sunt qui assumenda tenetur. Suscipit molestiae et enim eos harum. Sequi sit non culpa rerum. Tenetur et est voluptatem voluptatem omnis voluptatem sunt non.', '2007-06-06 23:21:17', '2017-09-03 03:29:46');
INSERT INTO `instructions` (`id`, `name`, `content`, `created_at`, `updated_at`) VALUES ('166', 'odit', 'Est nulla hic quidem laudantium odio nam laborum. Repellendus ut aliquam optio et. Qui officia et rerum eligendi minus facilis enim rem.', '1983-12-24 02:22:30', '1993-04-21 12:56:31');
INSERT INTO `instructions` (`id`, `name`, `content`, `created_at`, `updated_at`) VALUES ('167', 'consequatur', 'Asperiores minima eos et sunt nisi magni. At quae maiores ut aperiam aliquid. Doloremque soluta ducimus sint soluta qui magni. Debitis exercitationem asperiores in earum ut recusandae.', '2013-11-01 08:36:39', '2008-01-29 13:57:37');
INSERT INTO `instructions` (`id`, `name`, `content`, `created_at`, `updated_at`) VALUES ('168', 'vel', 'Ut commodi autem aut. Est praesentium architecto ut sequi. Accusamus vero libero nobis et.', '1977-06-23 09:24:12', '2002-12-18 18:47:47');
INSERT INTO `instructions` (`id`, `name`, `content`, `created_at`, `updated_at`) VALUES ('169', 'error', 'Accusamus qui non expedita et sint. Consectetur id illum at nam molestiae distinctio. Numquam velit quos voluptate est labore non qui.', '2015-10-28 15:49:37', '1991-10-24 09:44:27');
INSERT INTO `instructions` (`id`, `name`, `content`, `created_at`, `updated_at`) VALUES ('170', 'magnam', 'Ex voluptatibus est deserunt voluptate saepe voluptas natus. Aut non ut odit. Dolore ipsa rerum possimus veritatis.', '1998-04-29 23:49:56', '1970-07-26 09:39:26');
INSERT INTO `instructions` (`id`, `name`, `content`, `created_at`, `updated_at`) VALUES ('171', 'maiores', 'Voluptatem qui delectus voluptatem quas totam culpa. Qui officia nihil et error. Itaque ut ullam rem iusto voluptates labore eligendi. Ad totam quidem ut sapiente.', '2003-07-28 17:42:25', '1975-03-01 19:41:25');
INSERT INTO `instructions` (`id`, `name`, `content`, `created_at`, `updated_at`) VALUES ('172', 'quaerat', 'Minima et autem quidem totam. Ea quia id omnis vero veritatis cumque nam. Ipsam est est enim id aut possimus debitis.', '2015-09-04 02:27:56', '1974-04-14 00:25:17');
INSERT INTO `instructions` (`id`, `name`, `content`, `created_at`, `updated_at`) VALUES ('173', 'illo', 'Aliquam quisquam fuga exercitationem laboriosam porro. Consequatur minus omnis reiciendis et.', '2007-09-25 14:35:09', '1997-10-05 17:37:05');
INSERT INTO `instructions` (`id`, `name`, `content`, `created_at`, `updated_at`) VALUES ('174', 'corrupti', 'Recusandae aut voluptatem qui deserunt quo sed illum. In rem excepturi ipsa omnis. Est tenetur itaque earum odio.', '2005-03-22 04:01:40', '1975-07-28 20:34:23');
INSERT INTO `instructions` (`id`, `name`, `content`, `created_at`, `updated_at`) VALUES ('175', 'sit', 'Quia eveniet quos necessitatibus saepe iusto. Repudiandae odit dolorem dolores quisquam nobis. Nam in doloribus id magni est ipsam natus quae.', '1983-10-24 02:47:09', '1994-01-06 03:53:54');
INSERT INTO `instructions` (`id`, `name`, `content`, `created_at`, `updated_at`) VALUES ('176', 'et', 'Qui dolores ut assumenda eligendi amet temporibus nihil qui. Autem aliquam veniam voluptates labore vitae delectus.\nOdit sunt ad quam dolorem. Iusto consequatur aut et qui suscipit repudiandae.', '1995-08-30 03:19:07', '1982-03-02 00:04:38');
INSERT INTO `instructions` (`id`, `name`, `content`, `created_at`, `updated_at`) VALUES ('177', 'veritatis', 'Beatae rerum doloribus quos error ut. Sunt eaque voluptas velit labore nihil voluptatem quasi esse.', '1974-01-12 06:19:32', '2010-02-19 07:26:06');
INSERT INTO `instructions` (`id`, `name`, `content`, `created_at`, `updated_at`) VALUES ('178', 'doloribus', 'Fugiat sit quae et et doloribus quis voluptatibus cupiditate. Velit ducimus dolore hic dignissimos. Molestiae assumenda atque iure. Facere officia inventore laboriosam quos ipsum laboriosam.', '1986-01-18 23:24:30', '1973-10-21 07:10:09');
INSERT INTO `instructions` (`id`, `name`, `content`, `created_at`, `updated_at`) VALUES ('179', 'iste', 'Amet pariatur quos eum nam mollitia dignissimos aliquid at. In deserunt quis sit ut. Necessitatibus temporibus consequuntur nihil odio.', '2009-10-28 11:22:42', '1979-06-01 20:30:16');
INSERT INTO `instructions` (`id`, `name`, `content`, `created_at`, `updated_at`) VALUES ('180', 'in', 'Maiores magnam et quasi magnam fugiat alias deserunt. Voluptatem aliquam quia itaque.', '1993-09-27 03:18:54', '2010-01-11 14:23:25');
INSERT INTO `instructions` (`id`, `name`, `content`, `created_at`, `updated_at`) VALUES ('181', 'corrupti', 'Nisi aut aliquam numquam dolor delectus pariatur maxime. Aperiam dolorem sit saepe et qui voluptatibus et officiis. Sint similique voluptatibus perferendis quis quod nisi ex.', '1973-04-05 13:26:57', '2009-04-11 10:35:02');
INSERT INTO `instructions` (`id`, `name`, `content`, `created_at`, `updated_at`) VALUES ('182', 'et', 'Blanditiis velit amet non magnam veniam id ut repellendus. Nihil itaque ratione sit in voluptatum magnam. Consectetur fugit sed inventore laborum est.', '2007-12-17 08:53:33', '1974-12-16 18:10:16');
INSERT INTO `instructions` (`id`, `name`, `content`, `created_at`, `updated_at`) VALUES ('183', 'velit', 'Aut sapiente et sequi dolorum. Consequuntur reiciendis nihil quis. Dolorem laboriosam quo consequatur. Aut voluptates ipsum suscipit assumenda qui.', '1996-07-28 09:11:47', '2004-12-14 14:21:35');
INSERT INTO `instructions` (`id`, `name`, `content`, `created_at`, `updated_at`) VALUES ('184', 'natus', 'Quo consequatur eos facilis reprehenderit. Iste consequatur enim ut in natus laudantium.\nDolorem molestias corrupti minima praesentium optio. Commodi amet nulla magnam distinctio aut.', '2004-07-28 18:14:59', '2000-01-31 18:55:02');
INSERT INTO `instructions` (`id`, `name`, `content`, `created_at`, `updated_at`) VALUES ('185', 'repellendus', 'Commodi voluptatem eum eum. Magnam veritatis debitis natus id atque. Sunt voluptatem veritatis perferendis soluta sequi molestias nihil.', '1976-08-17 17:30:10', '2014-10-04 23:35:24');
INSERT INTO `instructions` (`id`, `name`, `content`, `created_at`, `updated_at`) VALUES ('186', 'est', 'Qui dicta quae reiciendis et eos. Consectetur recusandae impedit saepe est quia.', '1979-05-26 15:42:53', '2018-01-28 20:07:18');
INSERT INTO `instructions` (`id`, `name`, `content`, `created_at`, `updated_at`) VALUES ('187', 'incidunt', 'Totam quam et natus rerum dolorem ipsa. Veniam non odit accusamus reprehenderit. Qui ipsa enim et quo asperiores sint molestiae. Laboriosam non nostrum minima ut et.', '1970-05-26 05:59:29', '1992-12-05 19:59:59');
INSERT INTO `instructions` (`id`, `name`, `content`, `created_at`, `updated_at`) VALUES ('188', 'ea', 'Officia saepe excepturi dolore nam quo fuga. Sit eaque id facilis non nisi. Est qui quas impedit voluptates aspernatur aspernatur.', '2002-05-28 22:12:01', '2010-09-24 08:03:31');
INSERT INTO `instructions` (`id`, `name`, `content`, `created_at`, `updated_at`) VALUES ('189', 'nemo', 'Non voluptates vitae ratione magnam aut totam blanditiis. Provident alias et quia maxime inventore itaque. Quo voluptatem optio eos ut quia dolores voluptatem delectus.', '1996-11-18 10:21:23', '1982-03-06 10:09:56');
INSERT INTO `instructions` (`id`, `name`, `content`, `created_at`, `updated_at`) VALUES ('190', 'nemo', 'Ut eum ut quis excepturi quia. Non ad voluptatem sapiente neque eos aspernatur amet est. Quo qui ex maiores laudantium eum.', '1987-04-06 22:49:59', '2018-04-16 01:00:44');
INSERT INTO `instructions` (`id`, `name`, `content`, `created_at`, `updated_at`) VALUES ('191', 'odit', 'Perspiciatis voluptas ad et consectetur quo rem et. Earum tenetur ut et culpa. Ut reiciendis aut odit et. Molestias deleniti eum velit veniam nulla a ut.', '1972-03-31 15:38:28', '1989-02-19 20:30:12');
INSERT INTO `instructions` (`id`, `name`, `content`, `created_at`, `updated_at`) VALUES ('192', 'at', 'Libero et sed amet neque. Quasi quam voluptatem tenetur vitae. Voluptas maxime fugiat porro.', '1984-04-11 04:35:15', '1970-08-29 18:46:31');
INSERT INTO `instructions` (`id`, `name`, `content`, `created_at`, `updated_at`) VALUES ('193', 'quis', 'Quod nulla facere voluptas magnam cupiditate cumque eum. Commodi beatae ut dicta voluptas veritatis. Eligendi quaerat quo dignissimos repellendus recusandae perferendis asperiores.', '2016-07-19 08:38:16', '2012-03-13 13:23:20');
INSERT INTO `instructions` (`id`, `name`, `content`, `created_at`, `updated_at`) VALUES ('194', 'ea', 'Sed voluptas molestias recusandae consequatur tenetur dolorum aut quo. Fuga est nihil quas et. Beatae rerum velit rerum culpa sunt incidunt sed. Commodi ea assumenda voluptatem et esse eligendi aut.', '1973-01-18 18:38:53', '2009-12-29 10:44:55');
INSERT INTO `instructions` (`id`, `name`, `content`, `created_at`, `updated_at`) VALUES ('195', 'sit', 'Repellendus sint id eos incidunt non. Omnis fuga consequatur eum sint optio dolorem. Repudiandae libero repudiandae quia adipisci est nihil.', '2005-11-28 02:06:52', '1978-10-24 04:04:33');
INSERT INTO `instructions` (`id`, `name`, `content`, `created_at`, `updated_at`) VALUES ('196', 'et', 'Ea rerum nisi illum asperiores. Ipsam praesentium eos alias. Explicabo sint est non odio nihil est.', '1990-10-24 08:14:40', '1983-10-18 16:53:36');
INSERT INTO `instructions` (`id`, `name`, `content`, `created_at`, `updated_at`) VALUES ('197', 'aut', 'Omnis maxime quae dignissimos temporibus odio. Veniam amet cumque distinctio assumenda. Itaque sed vitae sed dolores et in. Blanditiis non deleniti vitae aut rem id hic.', '2009-06-21 07:57:50', '2019-05-22 16:37:04');
INSERT INTO `instructions` (`id`, `name`, `content`, `created_at`, `updated_at`) VALUES ('198', 'voluptas', 'Non corporis eveniet recusandae omnis soluta earum consequuntur. Ipsam et voluptates placeat accusamus magnam. Eaque eligendi pariatur et consequatur provident.', '2003-03-06 01:59:53', '1977-02-16 09:38:33');
INSERT INTO `instructions` (`id`, `name`, `content`, `created_at`, `updated_at`) VALUES ('199', 'minima', 'Soluta omnis ut asperiores voluptatem. Officia vel fugit sunt ipsa autem. Molestiae delectus voluptates error adipisci repudiandae. Deserunt non distinctio at dignissimos nisi.', '2017-02-23 05:41:29', '1987-01-09 08:10:49');
INSERT INTO `instructions` (`id`, `name`, `content`, `created_at`, `updated_at`) VALUES ('200', 'saepe', 'Ipsa repellendus consequatur quo corporis ratione vel iste. Neque molestias aut non nam. Voluptatibus minima incidunt ut. Aliquid repudiandae delectus autem sint voluptatem.', '1973-12-18 20:05:54', '1994-03-09 05:45:41');


INSERT INTO `instructions_success` (`id`, `instructions_id`, `members_id`, `body`, `filename`, `size`, `metadata`, `created_at`, `updated_at`) VALUES ('101', '101', '101', 'Magni optio optio enim itaque consequatur. Architecto rerum autem impedit dolore earum. Quod quo dolorum debitis ipsam hic. Voluptatem repellendus culpa odio.', 'exercitationem', 0, NULL, '2013-12-12 21:16:00', '2016-11-28 10:47:04');
INSERT INTO `instructions_success` (`id`, `instructions_id`, `members_id`, `body`, `filename`, `size`, `metadata`, `created_at`, `updated_at`) VALUES ('102', '102', '102', 'Minima rerum et error exercitationem. Rerum possimus distinctio harum consequatur aut quis et. At in ut illo.', 'aut', 46695863, NULL, '1995-09-11 02:12:10', '1987-06-02 10:18:48');
INSERT INTO `instructions_success` (`id`, `instructions_id`, `members_id`, `body`, `filename`, `size`, `metadata`, `created_at`, `updated_at`) VALUES ('103', '103', '103', 'Cupiditate ut reprehenderit voluptatem consequatur voluptas. Fuga pariatur reiciendis ut molestiae in enim consequuntur.', 'nemo', 546868529, NULL, '1992-04-27 08:16:52', '1999-05-25 11:54:29');
INSERT INTO `instructions_success` (`id`, `instructions_id`, `members_id`, `body`, `filename`, `size`, `metadata`, `created_at`, `updated_at`) VALUES ('104', '104', '104', 'Repudiandae qui reprehenderit facilis repellendus consequatur aut est. Saepe quia soluta eaque sit dolor rerum officiis. Provident quo doloribus nisi exercitationem velit ipsum.', 'temporibus', 79235571, NULL, '1990-06-18 07:15:23', '1983-09-03 15:40:50');
INSERT INTO `instructions_success` (`id`, `instructions_id`, `members_id`, `body`, `filename`, `size`, `metadata`, `created_at`, `updated_at`) VALUES ('105', '105', '105', 'Odio provident delectus nam minima non. Reiciendis amet officia sed et quis placeat. Rerum molestiae eum in explicabo labore quam quia. Dolorem aliquid perferendis laborum voluptas cupiditate minima.', 'eligendi', 2836439, NULL, '1990-02-21 11:00:15', '1982-05-08 22:54:32');
INSERT INTO `instructions_success` (`id`, `instructions_id`, `members_id`, `body`, `filename`, `size`, `metadata`, `created_at`, `updated_at`) VALUES ('106', '106', '106', 'Aut et velit vitae non dolores illum itaque veritatis. Ipsam ut consectetur quod quibusdam. Nostrum maxime animi sed eos sequi voluptatem vel ipsum.', 'iste', 0, NULL, '1993-02-08 19:15:15', '2015-04-24 04:33:34');
INSERT INTO `instructions_success` (`id`, `instructions_id`, `members_id`, `body`, `filename`, `size`, `metadata`, `created_at`, `updated_at`) VALUES ('107', '107', '107', 'Odio quo nobis blanditiis iste rem tempore. Recusandae consequatur est tenetur. Nostrum nesciunt dolorum odio ab. Itaque alias est quas maiores beatae quam sit quibusdam.', 'minus', 308, NULL, '1980-01-07 20:58:46', '2011-08-06 21:56:30');
INSERT INTO `instructions_success` (`id`, `instructions_id`, `members_id`, `body`, `filename`, `size`, `metadata`, `created_at`, `updated_at`) VALUES ('108', '108', '108', 'Perferendis quos aut dolores exercitationem cum voluptatum et. Quisquam et labore corporis et.', 'quidem', 5935041, NULL, '1991-09-30 21:43:25', '2018-03-20 09:03:44');
INSERT INTO `instructions_success` (`id`, `instructions_id`, `members_id`, `body`, `filename`, `size`, `metadata`, `created_at`, `updated_at`) VALUES ('109', '109', '109', 'Ut quia consequuntur eius eaque ratione. Fugiat a praesentium doloribus. Et eaque voluptatem cumque. Quisquam incidunt qui delectus rerum.', 'nihil', 236094, NULL, '2019-07-26 03:49:55', '2015-03-12 14:47:48');
INSERT INTO `instructions_success` (`id`, `instructions_id`, `members_id`, `body`, `filename`, `size`, `metadata`, `created_at`, `updated_at`) VALUES ('110', '110', '110', 'Sed beatae sit sit eligendi. Natus voluptas ducimus non deleniti rem alias voluptates. Nemo aut voluptas voluptate expedita.', 'autem', 937010088, NULL, '2001-10-18 06:22:12', '2007-12-15 11:53:00');
INSERT INTO `instructions_success` (`id`, `instructions_id`, `members_id`, `body`, `filename`, `size`, `metadata`, `created_at`, `updated_at`) VALUES ('111', '111', '111', 'Amet nulla magni qui consequatur sunt laboriosam maxime. Dolores eum totam nostrum exercitationem. Provident id vel eum porro ut. Ad molestiae illo repudiandae dolores ducimus ea error aperiam.', 'nesciunt', 0, NULL, '1981-09-14 05:02:48', '1976-08-16 15:23:09');
INSERT INTO `instructions_success` (`id`, `instructions_id`, `members_id`, `body`, `filename`, `size`, `metadata`, `created_at`, `updated_at`) VALUES ('112', '112', '112', 'Qui hic possimus atque necessitatibus ex cupiditate at. Provident officiis nam aut. Inventore voluptas quasi nostrum et repellat cupiditate.', 'qui', 59694696, NULL, '1980-08-03 07:57:18', '2016-09-23 09:01:52');
INSERT INTO `instructions_success` (`id`, `instructions_id`, `members_id`, `body`, `filename`, `size`, `metadata`, `created_at`, `updated_at`) VALUES ('113', '113', '113', 'Recusandae modi delectus et et illo mollitia cupiditate sint. Nulla pariatur ducimus necessitatibus magnam qui distinctio. Quibusdam quasi delectus error temporibus consectetur et tempore dicta. Quaerat minus facilis facilis sequi id.', 'nemo', 0, NULL, '1973-05-25 20:20:02', '1993-11-02 07:16:04');
INSERT INTO `instructions_success` (`id`, `instructions_id`, `members_id`, `body`, `filename`, `size`, `metadata`, `created_at`, `updated_at`) VALUES ('114', '114', '114', 'Minima officia dignissimos placeat dolores non nobis. Ut sapiente repudiandae exercitationem ad. Quas est velit est. Velit sit asperiores reiciendis excepturi inventore.', 'optio', 493777719, NULL, '1979-12-25 18:15:11', '2003-02-10 20:27:58');
INSERT INTO `instructions_success` (`id`, `instructions_id`, `members_id`, `body`, `filename`, `size`, `metadata`, `created_at`, `updated_at`) VALUES ('115', '115', '115', 'Magni qui delectus error est non. Facere eius et fugiat rerum molestiae delectus consequatur. Itaque enim commodi necessitatibus et nemo. Vel fugiat tenetur rerum asperiores hic voluptatem.', 'numquam', 0, NULL, '2001-09-21 08:36:33', '2003-02-26 23:15:57');
INSERT INTO `instructions_success` (`id`, `instructions_id`, `members_id`, `body`, `filename`, `size`, `metadata`, `created_at`, `updated_at`) VALUES ('116', '116', '116', 'Ea quod animi et est. Non deleniti non blanditiis. Voluptatem corrupti velit sit sunt ipsum neque. Tempore ut assumenda ut qui eligendi. Eaque vel excepturi nihil ipsum a et fuga.', 'ea', 936738, NULL, '2013-07-22 05:46:04', '2016-07-29 01:59:38');
INSERT INTO `instructions_success` (`id`, `instructions_id`, `members_id`, `body`, `filename`, `size`, `metadata`, `created_at`, `updated_at`) VALUES ('117', '117', '117', 'Quas eos autem provident tempora minus eum. At est voluptas est veniam.', 'hic', 230003200, NULL, '1993-09-28 12:42:47', '1995-05-08 03:05:24');
INSERT INTO `instructions_success` (`id`, `instructions_id`, `members_id`, `body`, `filename`, `size`, `metadata`, `created_at`, `updated_at`) VALUES ('118', '118', '118', 'In ex soluta velit impedit saepe et autem. Neque fuga beatae nemo libero. Qui voluptatem quas et inventore perspiciatis.', 'officia', 33203, NULL, '2000-10-23 00:44:36', '2016-09-21 13:55:38');
INSERT INTO `instructions_success` (`id`, `instructions_id`, `members_id`, `body`, `filename`, `size`, `metadata`, `created_at`, `updated_at`) VALUES ('119', '119', '119', 'Asperiores ullam sunt labore fuga harum deleniti. Porro at architecto architecto laboriosam. Magnam vel quisquam et at et vero. Et rerum dolorem animi iusto pariatur.', 'adipisci', 7, NULL, '2011-01-15 13:27:39', '1979-05-09 21:28:57');
INSERT INTO `instructions_success` (`id`, `instructions_id`, `members_id`, `body`, `filename`, `size`, `metadata`, `created_at`, `updated_at`) VALUES ('120', '120', '120', 'Ut recusandae ut nihil vel rem ut id. Dolores fugiat rerum cum consequatur tempora vero dolorum aperiam. Nisi quis quod facilis et. Odit at velit cumque eos amet consequuntur.', 'deleniti', 26, NULL, '1995-11-02 02:11:01', '2006-05-04 09:21:41');
INSERT INTO `instructions_success` (`id`, `instructions_id`, `members_id`, `body`, `filename`, `size`, `metadata`, `created_at`, `updated_at`) VALUES ('121', '121', '121', 'Sed sunt voluptatibus accusantium. Dolor qui est placeat voluptas nihil ut. Neque animi officia praesentium et sequi fuga eos. Vero quibusdam et deleniti rerum laborum quisquam.', 'qui', 5923840, NULL, '1991-07-27 15:27:37', '1995-10-15 20:56:18');
INSERT INTO `instructions_success` (`id`, `instructions_id`, `members_id`, `body`, `filename`, `size`, `metadata`, `created_at`, `updated_at`) VALUES ('122', '122', '122', 'Vel ratione natus alias. Quibusdam ipsam quo eius explicabo nihil quia. Rerum et sed fugiat nam exercitationem.', 'quis', 7456, NULL, '2005-03-13 09:03:15', '1985-03-05 14:10:58');
INSERT INTO `instructions_success` (`id`, `instructions_id`, `members_id`, `body`, `filename`, `size`, `metadata`, `created_at`, `updated_at`) VALUES ('123', '123', '123', 'Earum molestiae sunt nam aspernatur qui. Qui molestiae cumque quibusdam. Laboriosam ut ut aspernatur.', 'sapiente', 274084505, NULL, '1983-05-17 01:34:19', '1980-10-09 00:28:24');
INSERT INTO `instructions_success` (`id`, `instructions_id`, `members_id`, `body`, `filename`, `size`, `metadata`, `created_at`, `updated_at`) VALUES ('124', '124', '124', 'Nesciunt molestiae qui et voluptas sit consequuntur reiciendis sunt. Dolor optio occaecati corrupti. Omnis sit qui dolor. Occaecati nostrum corporis id similique mollitia suscipit voluptatem cum.', 'nihil', 91, NULL, '1972-02-02 22:26:24', '2011-03-10 01:32:01');
INSERT INTO `instructions_success` (`id`, `instructions_id`, `members_id`, `body`, `filename`, `size`, `metadata`, `created_at`, `updated_at`) VALUES ('125', '125', '125', 'Et quae provident sit a quis repudiandae. Aperiam id et ut consequuntur. Libero saepe aut incidunt dolores. Quas accusamus laboriosam officiis praesentium.', 'quae', 5, NULL, '2017-03-29 16:44:41', '1972-01-14 20:07:51');
INSERT INTO `instructions_success` (`id`, `instructions_id`, `members_id`, `body`, `filename`, `size`, `metadata`, `created_at`, `updated_at`) VALUES ('126', '126', '126', 'Atque repellat officia placeat vitae dignissimos. Voluptatibus voluptas quo animi vel consequatur quam ducimus occaecati. Consequatur fuga quas nobis soluta. Possimus nihil quo perspiciatis facilis voluptas.', 'quia', 7768450, NULL, '1999-10-20 20:48:21', '1997-10-17 07:19:57');
INSERT INTO `instructions_success` (`id`, `instructions_id`, `members_id`, `body`, `filename`, `size`, `metadata`, `created_at`, `updated_at`) VALUES ('127', '127', '127', 'Odit aut et et delectus aspernatur neque consequatur. Assumenda enim odit quas ut qui aut rerum. Eos et voluptatem delectus repudiandae laborum.', 'illum', 338215650, NULL, '2003-06-24 03:36:49', '1994-06-20 22:42:42');
INSERT INTO `instructions_success` (`id`, `instructions_id`, `members_id`, `body`, `filename`, `size`, `metadata`, `created_at`, `updated_at`) VALUES ('128', '128', '128', 'Quidem qui totam nobis est ut delectus. Quia et natus omnis qui natus nihil similique. Rerum est excepturi sed quaerat. Qui autem et aperiam maiores error earum.', 'accusantium', 823047, NULL, '1975-08-31 22:27:39', '2018-06-14 20:14:27');
INSERT INTO `instructions_success` (`id`, `instructions_id`, `members_id`, `body`, `filename`, `size`, `metadata`, `created_at`, `updated_at`) VALUES ('129', '129', '129', 'Et excepturi dolorem quia necessitatibus maxime odio. Et iste quisquam et fugiat ex dolorem veritatis. Et voluptatem eum perferendis impedit rerum.', 'quibusdam', 0, NULL, '2006-05-10 10:37:12', '1985-07-28 06:57:18');
INSERT INTO `instructions_success` (`id`, `instructions_id`, `members_id`, `body`, `filename`, `size`, `metadata`, `created_at`, `updated_at`) VALUES ('130', '130', '130', 'Dolor iste corrupti quaerat reiciendis eveniet deserunt. Qui sint quibusdam reiciendis. Totam possimus dolorum et enim voluptatum ex illo. Voluptatem unde error corporis quisquam.', 'accusantium', 58155, NULL, '2017-07-12 08:46:05', '1979-08-07 05:33:34');
INSERT INTO `instructions_success` (`id`, `instructions_id`, `members_id`, `body`, `filename`, `size`, `metadata`, `created_at`, `updated_at`) VALUES ('131', '131', '131', 'Illo laudantium nostrum est enim non necessitatibus temporibus. Dolores tempora reprehenderit voluptates. Quas non qui sed ipsum ab. Molestiae rem et excepturi deleniti quo. Accusamus doloribus rerum necessitatibus totam eum.', 'quod', 6464388, NULL, '2013-07-01 02:48:05', '2019-04-25 23:01:45');
INSERT INTO `instructions_success` (`id`, `instructions_id`, `members_id`, `body`, `filename`, `size`, `metadata`, `created_at`, `updated_at`) VALUES ('132', '132', '132', 'Amet perferendis quis ab vero. Vel voluptates rerum id incidunt aut natus. Minus sequi quod nostrum repellat officiis. Perferendis voluptatem placeat est eos earum illo. Quibusdam facere et velit.', 'omnis', 7044445, NULL, '2015-11-27 17:50:45', '1985-10-13 18:29:17');
INSERT INTO `instructions_success` (`id`, `instructions_id`, `members_id`, `body`, `filename`, `size`, `metadata`, `created_at`, `updated_at`) VALUES ('133', '133', '133', 'Culpa doloribus porro necessitatibus est commodi atque. Modi et facere quidem modi perspiciatis laboriosam et. Est nam sit a aliquid optio nemo.', 'quae', 415339729, NULL, '2017-06-24 03:03:00', '1995-04-26 01:16:26');
INSERT INTO `instructions_success` (`id`, `instructions_id`, `members_id`, `body`, `filename`, `size`, `metadata`, `created_at`, `updated_at`) VALUES ('134', '134', '134', 'In et quae beatae sapiente eos velit. Dolores similique laboriosam facilis omnis. Dolorem earum repellat incidunt.', 'et', 49117514, NULL, '1997-01-20 12:50:57', '2010-11-05 22:54:17');
INSERT INTO `instructions_success` (`id`, `instructions_id`, `members_id`, `body`, `filename`, `size`, `metadata`, `created_at`, `updated_at`) VALUES ('135', '135', '135', 'Deserunt tempora minus eos dignissimos harum. Suscipit aut est et rem voluptas reprehenderit perferendis. At dolore qui doloremque possimus consequatur. Soluta est deserunt voluptatem sunt assumenda error quod nisi.', 'tenetur', 727523, NULL, '2009-05-02 06:22:29', '1975-08-26 08:04:12');
INSERT INTO `instructions_success` (`id`, `instructions_id`, `members_id`, `body`, `filename`, `size`, `metadata`, `created_at`, `updated_at`) VALUES ('136', '136', '136', 'Voluptatem aut ipsam enim qui. Illum eum sit ex possimus est vel delectus. Eaque quasi tempora maxime quasi nisi quas dolorem ut.', 'temporibus', 777, NULL, '1992-11-13 08:51:47', '2004-02-10 18:06:03');
INSERT INTO `instructions_success` (`id`, `instructions_id`, `members_id`, `body`, `filename`, `size`, `metadata`, `created_at`, `updated_at`) VALUES ('137', '137', '137', 'Maiores assumenda similique sed sed vitae quia sint et. Omnis sit impedit sed ipsum consequatur qui. Vitae quibusdam sit tempore dolores.', 'quae', 42523, NULL, '1994-03-25 18:57:41', '2019-07-04 15:14:19');
INSERT INTO `instructions_success` (`id`, `instructions_id`, `members_id`, `body`, `filename`, `size`, `metadata`, `created_at`, `updated_at`) VALUES ('138', '138', '138', 'Sint porro sit quibusdam ad repellat. Accusantium numquam numquam quidem. Deleniti nisi non sint labore provident.', 'qui', 4796, NULL, '1998-07-21 04:16:30', '2009-04-04 05:01:19');
INSERT INTO `instructions_success` (`id`, `instructions_id`, `members_id`, `body`, `filename`, `size`, `metadata`, `created_at`, `updated_at`) VALUES ('139', '139', '139', 'Et sit distinctio quibusdam sed amet. Recusandae perferendis quis ratione quia. Nostrum aut ut qui commodi ut necessitatibus.', 'eum', 35232193, NULL, '1992-05-21 01:07:16', '1997-12-19 23:07:11');
INSERT INTO `instructions_success` (`id`, `instructions_id`, `members_id`, `body`, `filename`, `size`, `metadata`, `created_at`, `updated_at`) VALUES ('140', '140', '140', 'Unde odit voluptatem asperiores quia porro molestiae accusamus. Omnis molestiae ex voluptatem id praesentium rerum. Nostrum sit accusantium possimus qui ut voluptate.', 'earum', 5, NULL, '2001-08-26 16:27:04', '1991-12-26 11:47:41');
INSERT INTO `instructions_success` (`id`, `instructions_id`, `members_id`, `body`, `filename`, `size`, `metadata`, `created_at`, `updated_at`) VALUES ('141', '141', '141', 'Rerum labore quia amet quaerat. Perferendis quo ipsam pariatur in dolores ut dolore. Omnis fugit voluptatibus vel et eius accusamus. Deleniti dolores magni laborum ea est. Animi totam dolor quibusdam est consequuntur quidem accusamus tenetur.', 'corrupti', 6955004, NULL, '1986-04-28 14:59:08', '2002-11-05 20:41:49');
INSERT INTO `instructions_success` (`id`, `instructions_id`, `members_id`, `body`, `filename`, `size`, `metadata`, `created_at`, `updated_at`) VALUES ('142', '142', '142', 'Quam vel maiores sequi facere. Eaque recusandae sed repellat dolorem sit enim necessitatibus. Quisquam ullam illo est et officia et. Et placeat optio sint natus nostrum fugit facere.', 'illo', 4087109, NULL, '1991-07-18 14:35:10', '1981-03-26 04:13:55');
INSERT INTO `instructions_success` (`id`, `instructions_id`, `members_id`, `body`, `filename`, `size`, `metadata`, `created_at`, `updated_at`) VALUES ('143', '143', '143', 'Beatae distinctio quia qui quia aut ut velit consectetur. Possimus rem quam soluta cum nobis est. Eos deleniti perferendis quis quia rem aspernatur.', 'consequatur', 98553, NULL, '2011-03-24 15:25:41', '2015-01-30 04:57:31');
INSERT INTO `instructions_success` (`id`, `instructions_id`, `members_id`, `body`, `filename`, `size`, `metadata`, `created_at`, `updated_at`) VALUES ('144', '144', '144', 'Repellendus quidem ab repellat distinctio. Optio quasi laborum eveniet dolor harum et quia.', 'quod', 57643360, NULL, '1999-05-12 06:04:14', '1978-09-11 20:48:51');
INSERT INTO `instructions_success` (`id`, `instructions_id`, `members_id`, `body`, `filename`, `size`, `metadata`, `created_at`, `updated_at`) VALUES ('145', '145', '145', 'Necessitatibus ab qui laboriosam officia ipsum praesentium. Quibusdam tempora explicabo architecto hic. Et eius corrupti hic sed. Porro sit autem ut numquam ut.', 'quaerat', 94305, NULL, '1981-07-02 05:40:37', '1975-11-26 23:48:30');
INSERT INTO `instructions_success` (`id`, `instructions_id`, `members_id`, `body`, `filename`, `size`, `metadata`, `created_at`, `updated_at`) VALUES ('146', '146', '146', 'Praesentium temporibus reiciendis quia veritatis quo veritatis cum. Quidem aut et consequatur ad debitis. Eos similique quam quidem. At corrupti et minus corporis.', 'est', 188689959, NULL, '1990-06-19 06:12:04', '1999-02-16 07:46:58');
INSERT INTO `instructions_success` (`id`, `instructions_id`, `members_id`, `body`, `filename`, `size`, `metadata`, `created_at`, `updated_at`) VALUES ('147', '147', '147', 'Quisquam assumenda sint corporis et architecto enim quia quia. Repellendus optio odio itaque et et non. Molestias voluptatum numquam aliquid adipisci. Illo dicta dolores quod totam unde iste pariatur.', 'delectus', 77, NULL, '1995-07-14 13:51:02', '1974-07-10 00:59:36');
INSERT INTO `instructions_success` (`id`, `instructions_id`, `members_id`, `body`, `filename`, `size`, `metadata`, `created_at`, `updated_at`) VALUES ('148', '148', '148', 'Labore in ad distinctio. Doloremque esse enim sed et esse corrupti. Distinctio dolor dolores corporis nihil deleniti.', 'non', 278026, NULL, '1997-06-02 13:32:14', '1989-01-22 13:41:15');
INSERT INTO `instructions_success` (`id`, `instructions_id`, `members_id`, `body`, `filename`, `size`, `metadata`, `created_at`, `updated_at`) VALUES ('149', '149', '149', 'Corporis aut quia aspernatur iure. Assumenda sint facere quasi eius dolor vel laudantium. Delectus error illum ut molestiae doloremque.', 'adipisci', 0, NULL, '2015-12-12 15:09:38', '1979-05-20 03:11:32');
INSERT INTO `instructions_success` (`id`, `instructions_id`, `members_id`, `body`, `filename`, `size`, `metadata`, `created_at`, `updated_at`) VALUES ('150', '150', '150', 'Earum velit rerum dolores esse et. In voluptas ex modi facere voluptas. Inventore aut tenetur recusandae vitae qui veniam esse.', 'cupiditate', 3246, NULL, '1985-06-28 07:40:38', '2009-03-19 10:24:13');
INSERT INTO `instructions_success` (`id`, `instructions_id`, `members_id`, `body`, `filename`, `size`, `metadata`, `created_at`, `updated_at`) VALUES ('151', '151', '151', 'Possimus voluptas ut quis facere. Omnis molestiae tempore repudiandae cum minima eligendi minus. Soluta repellendus voluptas sed enim ipsum. Eveniet repellat cumque nulla ut.', 'sed', 2406, NULL, '2016-07-18 05:26:01', '2018-09-17 17:39:29');
INSERT INTO `instructions_success` (`id`, `instructions_id`, `members_id`, `body`, `filename`, `size`, `metadata`, `created_at`, `updated_at`) VALUES ('152', '152', '152', 'Ea voluptatum sed ipsa sed qui est est voluptatem. Modi et autem voluptatum voluptatibus ipsam in et molestias. Laborum voluptas aut sint rerum nihil architecto amet rem. Qui minima qui consequuntur ut.', 'repellat', 4804769, NULL, '1993-08-04 04:37:08', '2008-12-19 21:41:31');
INSERT INTO `instructions_success` (`id`, `instructions_id`, `members_id`, `body`, `filename`, `size`, `metadata`, `created_at`, `updated_at`) VALUES ('153', '153', '153', 'In unde consectetur excepturi qui sed voluptatum vel officia. Eveniet autem sed voluptatum animi. Qui ea alias quia est modi in. Delectus a velit maxime.', 'nulla', 834, NULL, '2004-12-24 09:51:18', '2010-08-03 11:57:13');
INSERT INTO `instructions_success` (`id`, `instructions_id`, `members_id`, `body`, `filename`, `size`, `metadata`, `created_at`, `updated_at`) VALUES ('154', '154', '154', 'Soluta aut dicta commodi non fuga a. Voluptas autem temporibus minus dolorem esse et. Dolorem voluptas voluptatem atque odit.', 'ab', 758577, NULL, '2011-03-29 20:58:08', '1991-06-18 19:26:11');
INSERT INTO `instructions_success` (`id`, `instructions_id`, `members_id`, `body`, `filename`, `size`, `metadata`, `created_at`, `updated_at`) VALUES ('155', '155', '155', 'Vel cum qui incidunt quasi. Laboriosam et sit voluptate est. Corporis labore magni molestias veritatis nihil corporis. Et laboriosam commodi aut. Est aliquam molestiae occaecati temporibus culpa provident quos.', 'nostrum', 157685828, NULL, '2019-06-08 14:21:37', '1999-03-20 03:06:24');
INSERT INTO `instructions_success` (`id`, `instructions_id`, `members_id`, `body`, `filename`, `size`, `metadata`, `created_at`, `updated_at`) VALUES ('156', '156', '156', 'Sequi sunt quo architecto nulla. Excepturi aut dignissimos reiciendis est molestiae libero. Eius vel sunt hic et voluptatem. Sit asperiores voluptatem iure laudantium at velit sequi.', 'perferendis', 439225693, NULL, '2013-12-08 04:45:00', '2005-03-22 05:22:29');
INSERT INTO `instructions_success` (`id`, `instructions_id`, `members_id`, `body`, `filename`, `size`, `metadata`, `created_at`, `updated_at`) VALUES ('157', '157', '157', 'Nam aut quae dolores odio rerum. Quia officia rerum voluptates ut. Est consequuntur eligendi et molestiae cupiditate id.', 'voluptatem', 2, NULL, '2011-10-22 16:50:42', '1975-05-05 23:39:40');
INSERT INTO `instructions_success` (`id`, `instructions_id`, `members_id`, `body`, `filename`, `size`, `metadata`, `created_at`, `updated_at`) VALUES ('158', '158', '158', 'Nihil esse distinctio quos sit alias quo facere. Est inventore ipsum molestiae facere ut consectetur. Asperiores aliquam sed ullam quia possimus hic assumenda.', 'aspernatur', 147649136, NULL, '1996-08-22 21:06:17', '1993-12-12 04:15:22');
INSERT INTO `instructions_success` (`id`, `instructions_id`, `members_id`, `body`, `filename`, `size`, `metadata`, `created_at`, `updated_at`) VALUES ('159', '159', '159', 'Magnam tempora laudantium accusamus quisquam. Qui sunt praesentium qui commodi sit odit. Quibusdam perferendis neque dolore fugit.', 'id', 848092, NULL, '1981-04-29 12:56:43', '1971-03-24 03:23:54');
INSERT INTO `instructions_success` (`id`, `instructions_id`, `members_id`, `body`, `filename`, `size`, `metadata`, `created_at`, `updated_at`) VALUES ('160', '160', '160', 'Exercitationem ut praesentium minus corporis minima laborum molestiae. Quia nihil omnis est voluptatibus voluptas omnis quibusdam. Asperiores qui aliquid id sit tempore voluptatem. Libero est eos earum nostrum.', 'ut', 35843, NULL, '1985-03-09 17:32:50', '1999-05-20 22:43:49');
INSERT INTO `instructions_success` (`id`, `instructions_id`, `members_id`, `body`, `filename`, `size`, `metadata`, `created_at`, `updated_at`) VALUES ('161', '161', '161', 'Deleniti rerum iure suscipit. Quam quia temporibus culpa est facere. Aperiam doloribus vel odio in. Praesentium totam necessitatibus id quidem.', 'numquam', 371585, NULL, '1994-04-16 18:58:32', '2017-10-25 23:25:55');
INSERT INTO `instructions_success` (`id`, `instructions_id`, `members_id`, `body`, `filename`, `size`, `metadata`, `created_at`, `updated_at`) VALUES ('162', '162', '162', 'Vel sit et accusantium praesentium. Neque voluptas quasi sequi tempora nemo reprehenderit dolor. Libero maiores quod quasi.', 'hic', 0, NULL, '2005-02-04 05:44:51', '1970-09-03 08:20:20');
INSERT INTO `instructions_success` (`id`, `instructions_id`, `members_id`, `body`, `filename`, `size`, `metadata`, `created_at`, `updated_at`) VALUES ('163', '163', '163', 'Officiis corrupti et quae. Autem autem aperiam perspiciatis quam itaque. Id alias aut pariatur.', 'dolores', 790718, NULL, '1999-03-23 12:57:46', '2003-09-18 04:01:25');
INSERT INTO `instructions_success` (`id`, `instructions_id`, `members_id`, `body`, `filename`, `size`, `metadata`, `created_at`, `updated_at`) VALUES ('164', '164', '164', 'Vel modi omnis asperiores. Incidunt incidunt et reprehenderit aut similique necessitatibus. Molestiae error aut in eum maxime animi sint recusandae. Illo quasi ut enim laboriosam neque dolore vel. Est sunt possimus sequi rerum et laboriosam harum.', 'tenetur', 72073981, NULL, '1987-05-17 03:23:57', '2010-03-12 21:37:27');
INSERT INTO `instructions_success` (`id`, `instructions_id`, `members_id`, `body`, `filename`, `size`, `metadata`, `created_at`, `updated_at`) VALUES ('165', '165', '165', 'Dolores qui illum tempore et. Sed magnam natus quaerat aperiam beatae est facilis nihil. Incidunt omnis perferendis quia vel facere quis voluptatum in. In corrupti dolorem ipsum.', 'veritatis', 94829, NULL, '2010-08-18 23:37:35', '2015-12-11 15:34:25');
INSERT INTO `instructions_success` (`id`, `instructions_id`, `members_id`, `body`, `filename`, `size`, `metadata`, `created_at`, `updated_at`) VALUES ('166', '166', '166', 'Totam voluptates sit assumenda. Hic laudantium tenetur sunt placeat reiciendis et molestiae laborum. Dicta quisquam esse necessitatibus ratione. Incidunt quo ipsam officia sit et sapiente.', 'aut', 796, NULL, '1992-08-02 15:07:16', '1985-08-26 12:21:55');
INSERT INTO `instructions_success` (`id`, `instructions_id`, `members_id`, `body`, `filename`, `size`, `metadata`, `created_at`, `updated_at`) VALUES ('167', '167', '167', 'Et praesentium enim cumque ipsum iste. Sed nihil rerum molestiae pariatur eum cupiditate nihil soluta. Voluptas sit et nisi in consequatur voluptatem dolor aut.', 'aliquam', 8296, NULL, '2000-05-11 06:30:32', '1990-03-09 11:04:59');
INSERT INTO `instructions_success` (`id`, `instructions_id`, `members_id`, `body`, `filename`, `size`, `metadata`, `created_at`, `updated_at`) VALUES ('168', '168', '168', 'Voluptas commodi in enim molestiae ad. Sit provident autem esse praesentium rerum. Nihil doloremque perferendis voluptatem sunt neque. Omnis voluptatibus voluptatem dolores.', 'temporibus', 77253005, NULL, '1986-05-29 02:23:51', '1990-03-04 00:34:57');
INSERT INTO `instructions_success` (`id`, `instructions_id`, `members_id`, `body`, `filename`, `size`, `metadata`, `created_at`, `updated_at`) VALUES ('169', '169', '169', 'Non quibusdam exercitationem facilis molestias. Officia fugiat necessitatibus omnis hic laborum. Aspernatur nostrum non voluptas ipsum quasi aut velit. Dolores necessitatibus quis architecto dolorum illum sed.', 'quas', 3606, NULL, '1986-11-24 10:56:08', '1972-12-22 17:34:55');
INSERT INTO `instructions_success` (`id`, `instructions_id`, `members_id`, `body`, `filename`, `size`, `metadata`, `created_at`, `updated_at`) VALUES ('170', '170', '170', 'Eius exercitationem distinctio occaecati perspiciatis perspiciatis nemo. Sapiente soluta sint odio dolor sint dolorum officia. Dignissimos ut neque et sapiente.', 'quo', 866, NULL, '2018-11-10 10:04:14', '2016-01-29 00:02:12');
INSERT INTO `instructions_success` (`id`, `instructions_id`, `members_id`, `body`, `filename`, `size`, `metadata`, `created_at`, `updated_at`) VALUES ('171', '171', '171', 'Illo voluptatem sunt consequuntur illo ipsa perspiciatis. Itaque et earum recusandae itaque tenetur soluta cupiditate. Fugit enim vel qui.', 'et', 995086685, NULL, '2014-10-22 16:28:58', '1990-05-02 12:03:43');
INSERT INTO `instructions_success` (`id`, `instructions_id`, `members_id`, `body`, `filename`, `size`, `metadata`, `created_at`, `updated_at`) VALUES ('172', '172', '172', 'Et earum dicta sit non nihil in. Ea a aut similique maiores tenetur. Aut repellendus qui ab accusantium et non eum.', 'suscipit', 111, NULL, '1974-05-28 05:14:02', '1976-07-16 17:19:33');
INSERT INTO `instructions_success` (`id`, `instructions_id`, `members_id`, `body`, `filename`, `size`, `metadata`, `created_at`, `updated_at`) VALUES ('173', '173', '173', 'Id iure qui labore est. Iusto mollitia aut molestiae. Similique quod ipsum voluptates cupiditate quisquam quibusdam molestias.', 'illo', 4, NULL, '1976-03-31 22:05:32', '1985-05-02 19:26:41');
INSERT INTO `instructions_success` (`id`, `instructions_id`, `members_id`, `body`, `filename`, `size`, `metadata`, `created_at`, `updated_at`) VALUES ('174', '174', '174', 'Veniam mollitia dignissimos explicabo sed. Officiis vel voluptatem totam qui et et sed. Quis dolorem eos eius tenetur. Sed repudiandae voluptatum consequatur nulla deleniti modi deleniti.', 'autem', 257749686, NULL, '1971-08-24 21:36:04', '1994-04-17 03:44:14');
INSERT INTO `instructions_success` (`id`, `instructions_id`, `members_id`, `body`, `filename`, `size`, `metadata`, `created_at`, `updated_at`) VALUES ('175', '175', '175', 'Dignissimos reprehenderit suscipit natus sunt sed error. Fugit quis cupiditate consequatur occaecati sint alias. Ex sint voluptatem perspiciatis ea est accusamus unde. Quo veritatis voluptate laboriosam tenetur enim rem reprehenderit.', 'minus', 8944, NULL, '1987-07-27 05:02:58', '2004-03-28 12:31:17');
INSERT INTO `instructions_success` (`id`, `instructions_id`, `members_id`, `body`, `filename`, `size`, `metadata`, `created_at`, `updated_at`) VALUES ('176', '176', '176', 'Sunt reprehenderit quo voluptas a est. Asperiores perspiciatis quae et dicta pariatur nesciunt. Dolorem et maxime aut neque sint ut. Explicabo perspiciatis harum eum consequatur.', 'repellendus', 26695, NULL, '2014-09-15 22:46:54', '1998-08-20 20:55:43');
INSERT INTO `instructions_success` (`id`, `instructions_id`, `members_id`, `body`, `filename`, `size`, `metadata`, `created_at`, `updated_at`) VALUES ('177', '177', '177', 'Qui necessitatibus aliquid occaecati sint. Temporibus dolorum odio et.', 'temporibus', 63807595, NULL, '1984-06-12 06:50:27', '1983-03-03 18:57:44');
INSERT INTO `instructions_success` (`id`, `instructions_id`, `members_id`, `body`, `filename`, `size`, `metadata`, `created_at`, `updated_at`) VALUES ('178', '178', '178', 'Corrupti nihil hic quos ut. Cupiditate aperiam nam consequatur assumenda illum. Non voluptate ipsum consequatur consequuntur dignissimos aut.', 'ea', 598538, NULL, '1996-03-24 04:55:24', '1995-06-06 11:36:59');
INSERT INTO `instructions_success` (`id`, `instructions_id`, `members_id`, `body`, `filename`, `size`, `metadata`, `created_at`, `updated_at`) VALUES ('179', '179', '179', 'A qui debitis sed voluptatem eaque. Aut est blanditiis consequatur eius. In tempore cupiditate voluptates fuga nostrum qui ut. Officia quis eligendi totam delectus distinctio fugit eum rerum. Aut explicabo autem non mollitia delectus.', 'hic', 552, NULL, '1999-05-24 06:40:20', '2011-08-01 10:28:09');
INSERT INTO `instructions_success` (`id`, `instructions_id`, `members_id`, `body`, `filename`, `size`, `metadata`, `created_at`, `updated_at`) VALUES ('180', '180', '180', 'Et ut quo expedita fuga qui. Illo corporis explicabo quis aut et assumenda accusamus. Est voluptas dolorum voluptatum ea quia natus itaque.', 'aut', 4, NULL, '2015-11-19 15:00:52', '1985-03-17 00:21:52');
INSERT INTO `instructions_success` (`id`, `instructions_id`, `members_id`, `body`, `filename`, `size`, `metadata`, `created_at`, `updated_at`) VALUES ('181', '181', '181', 'Aspernatur dolorem odio necessitatibus dicta est id. Explicabo est tenetur mollitia est optio repudiandae facilis.', 'dicta', 322675, NULL, '1970-05-11 17:28:55', '2009-09-01 16:40:38');
INSERT INTO `instructions_success` (`id`, `instructions_id`, `members_id`, `body`, `filename`, `size`, `metadata`, `created_at`, `updated_at`) VALUES ('182', '182', '182', 'Repellendus dignissimos perspiciatis est laboriosam et. Libero enim ut reprehenderit architecto aut. Quidem saepe expedita dolorem ut provident soluta incidunt aut.', 'deserunt', 61665688, NULL, '1974-03-16 09:07:46', '2016-06-19 19:04:04');
INSERT INTO `instructions_success` (`id`, `instructions_id`, `members_id`, `body`, `filename`, `size`, `metadata`, `created_at`, `updated_at`) VALUES ('183', '183', '183', 'Delectus sint enim quaerat quibusdam. Porro itaque qui aliquid sed laboriosam error neque accusantium. Necessitatibus commodi voluptatem ut eos. Quas possimus et illo sed quo dolores.', 'earum', 84, NULL, '1982-02-08 23:17:18', '1986-10-26 04:30:16');
INSERT INTO `instructions_success` (`id`, `instructions_id`, `members_id`, `body`, `filename`, `size`, `metadata`, `created_at`, `updated_at`) VALUES ('184', '184', '184', 'Rerum nihil pariatur nihil tempora. Dolore soluta nulla consequatur quisquam id. Dolor impedit voluptatem libero et sed. Et et et harum quis.', 'id', 587058758, NULL, '1974-08-10 23:54:04', '1974-02-19 23:04:13');
INSERT INTO `instructions_success` (`id`, `instructions_id`, `members_id`, `body`, `filename`, `size`, `metadata`, `created_at`, `updated_at`) VALUES ('185', '185', '185', 'Impedit ut consectetur assumenda alias dolorum laudantium sunt. Exercitationem repellendus eaque architecto et non adipisci. Et ad id accusantium harum rem.', 'in', 718287325, NULL, '2008-02-06 20:04:26', '1983-09-24 02:21:26');
INSERT INTO `instructions_success` (`id`, `instructions_id`, `members_id`, `body`, `filename`, `size`, `metadata`, `created_at`, `updated_at`) VALUES ('186', '186', '186', 'Cum at necessitatibus optio est. Sequi sed omnis consequatur molestiae reiciendis vel iusto. Autem culpa sed perferendis porro officia facere quos.', 'voluptatibus', 5, NULL, '1990-01-29 13:58:38', '1979-08-12 12:10:13');
INSERT INTO `instructions_success` (`id`, `instructions_id`, `members_id`, `body`, `filename`, `size`, `metadata`, `created_at`, `updated_at`) VALUES ('187', '187', '187', 'Dolorem totam ratione error autem. Voluptas et voluptas est dolorem consequatur aut. Debitis numquam qui tempore eveniet. Exercitationem aut minima eaque magnam ipsum exercitationem eum.', 'vitae', 0, NULL, '2015-06-22 19:53:23', '2016-03-22 20:42:53');
INSERT INTO `instructions_success` (`id`, `instructions_id`, `members_id`, `body`, `filename`, `size`, `metadata`, `created_at`, `updated_at`) VALUES ('188', '188', '188', 'Laboriosam aut itaque magni voluptatibus minus ducimus. Tenetur ut adipisci aut aut. Sit est sequi omnis.', 'inventore', 0, NULL, '2004-11-15 17:07:27', '2007-10-03 10:31:54');
INSERT INTO `instructions_success` (`id`, `instructions_id`, `members_id`, `body`, `filename`, `size`, `metadata`, `created_at`, `updated_at`) VALUES ('189', '189', '189', 'Doloremque placeat ipsam modi inventore modi cum molestiae. Hic porro unde in architecto eum. Eligendi ipsa sunt est libero porro aut omnis iste. Id ipsam delectus voluptatibus ullam molestiae.', 'et', 39, NULL, '2016-04-22 08:50:35', '1978-11-02 13:20:21');
INSERT INTO `instructions_success` (`id`, `instructions_id`, `members_id`, `body`, `filename`, `size`, `metadata`, `created_at`, `updated_at`) VALUES ('190', '190', '190', 'Omnis in corporis rem cupiditate ut. Odit occaecati atque voluptas natus. Exercitationem fuga tempora aperiam quisquam ad amet velit.', 'iure', 957914, NULL, '1980-10-31 01:43:20', '2015-07-10 06:10:19');
INSERT INTO `instructions_success` (`id`, `instructions_id`, `members_id`, `body`, `filename`, `size`, `metadata`, `created_at`, `updated_at`) VALUES ('191', '191', '191', 'Similique et quam nobis et facilis et. Molestiae a accusamus natus ut neque occaecati. Nihil animi asperiores fuga et vel. Eos similique porro omnis id molestiae non. Voluptas laborum veritatis voluptatum nemo.', 'soluta', 0, NULL, '1982-10-20 21:19:51', '1981-06-21 08:16:07');
INSERT INTO `instructions_success` (`id`, `instructions_id`, `members_id`, `body`, `filename`, `size`, `metadata`, `created_at`, `updated_at`) VALUES ('192', '192', '192', 'Veniam ipsa impedit quas voluptatum. Officia quidem voluptatem ut assumenda tempore ea. Id dolorem corporis aut ab. Dolor molestiae dolores doloribus voluptatibus consequatur repellat.', 'odio', 106, NULL, '1984-03-03 17:58:46', '1983-09-08 17:29:45');
INSERT INTO `instructions_success` (`id`, `instructions_id`, `members_id`, `body`, `filename`, `size`, `metadata`, `created_at`, `updated_at`) VALUES ('193', '193', '193', 'Dolorem cumque sed impedit voluptatum magni. Doloremque vel labore ex eveniet aut perferendis ipsum. Quo aut cumque id quae voluptate. Impedit sit quo omnis repellat exercitationem architecto.', 'labore', 66772198, NULL, '2000-07-28 07:24:44', '1979-01-24 04:51:54');
INSERT INTO `instructions_success` (`id`, `instructions_id`, `members_id`, `body`, `filename`, `size`, `metadata`, `created_at`, `updated_at`) VALUES ('194', '194', '194', 'Ut ipsam accusamus animi provident. Consequatur quidem modi voluptas. Est assumenda non accusantium atque.', 'sint', 0, NULL, '1997-09-07 03:39:36', '1988-02-14 14:30:35');
INSERT INTO `instructions_success` (`id`, `instructions_id`, `members_id`, `body`, `filename`, `size`, `metadata`, `created_at`, `updated_at`) VALUES ('195', '195', '195', 'Voluptas sunt quaerat fuga et. Ad ducimus cum iste tempora laudantium omnis. Expedita tempore aut dicta rerum itaque dicta similique. Rem non nemo vel atque.', 'veritatis', 921, NULL, '2019-03-18 06:45:48', '2006-06-20 00:47:42');
INSERT INTO `instructions_success` (`id`, `instructions_id`, `members_id`, `body`, `filename`, `size`, `metadata`, `created_at`, `updated_at`) VALUES ('196', '196', '196', 'Necessitatibus blanditiis qui excepturi eum sint maiores numquam fugiat. Fugit blanditiis fuga enim consequatur beatae neque. Fugiat labore quia minima. Accusamus aliquid vero eum ullam possimus quasi eveniet.', 'labore', 48, NULL, '1980-01-22 15:43:21', '1972-05-14 04:07:06');
INSERT INTO `instructions_success` (`id`, `instructions_id`, `members_id`, `body`, `filename`, `size`, `metadata`, `created_at`, `updated_at`) VALUES ('197', '197', '197', 'Corrupti quo id quis beatae optio. Adipisci harum ad a omnis et. Veritatis id ut id ullam omnis ullam voluptatem ut. Inventore et qui laborum in at nulla et.', 'magnam', 92140807, NULL, '2000-05-28 20:06:46', '1973-10-23 17:34:10');
INSERT INTO `instructions_success` (`id`, `instructions_id`, `members_id`, `body`, `filename`, `size`, `metadata`, `created_at`, `updated_at`) VALUES ('198', '198', '198', 'Distinctio est sint architecto fuga consequatur consequatur. Amet earum est fuga ut. Consequatur unde voluptates blanditiis enim temporibus hic.', 'consequatur', 19565, NULL, '1979-05-19 07:20:29', '2006-02-04 08:56:45');
INSERT INTO `instructions_success` (`id`, `instructions_id`, `members_id`, `body`, `filename`, `size`, `metadata`, `created_at`, `updated_at`) VALUES ('199', '199', '199', 'Velit doloremque quo et quia. Reiciendis quas maxime ut dolor. Quam cumque aut fuga autem.', 'ipsa', 0, NULL, '1997-01-29 13:37:17', '1982-11-22 03:42:24');
INSERT INTO `instructions_success` (`id`, `instructions_id`, `members_id`, `body`, `filename`, `size`, `metadata`, `created_at`, `updated_at`) VALUES ('200', '200', '200', 'Voluptas possimus corrupti sequi et est. Voluptatem reiciendis ipsum voluptas sunt possimus molestiae aut. Omnis non sed natus cum consequatur recusandae.', 'provident', 290156, NULL, '1974-10-23 23:30:51', '1994-10-16 00:55:33');


INSERT INTO `files_types` (`id`, `name`, `created_at`, `updated_at`) VALUES ('101', 'accusamus', '1992-08-25 13:05:30', '1997-02-26 11:50:47');
INSERT INTO `files_types` (`id`, `name`, `created_at`, `updated_at`) VALUES ('102', 'officia', '2001-11-16 18:25:55', '1970-02-13 02:03:45');
INSERT INTO `files_types` (`id`, `name`, `created_at`, `updated_at`) VALUES ('103', 'facilis', '1976-05-16 07:05:57', '2020-02-07 06:46:34');
INSERT INTO `files_types` (`id`, `name`, `created_at`, `updated_at`) VALUES ('104', 'officia', '2010-09-14 16:20:20', '1970-09-30 08:27:31');
INSERT INTO `files_types` (`id`, `name`, `created_at`, `updated_at`) VALUES ('105', 'voluptas', '2016-04-10 00:19:15', '1987-01-18 18:45:10');
INSERT INTO `files_types` (`id`, `name`, `created_at`, `updated_at`) VALUES ('106', 'aut', '1985-05-21 02:33:29', '1987-05-21 05:34:49');
INSERT INTO `files_types` (`id`, `name`, `created_at`, `updated_at`) VALUES ('107', 'reiciendis', '1980-05-18 09:31:35', '1982-04-06 17:39:10');
INSERT INTO `files_types` (`id`, `name`, `created_at`, `updated_at`) VALUES ('108', 'dolorum', '1980-01-29 03:38:18', '1980-10-23 05:36:00');
INSERT INTO `files_types` (`id`, `name`, `created_at`, `updated_at`) VALUES ('109', 'expedita', '1986-08-30 22:54:16', '1987-12-24 11:23:36');
INSERT INTO `files_types` (`id`, `name`, `created_at`, `updated_at`) VALUES ('110', 'praesentium', '1970-08-01 00:40:39', '1992-02-17 09:59:08');
INSERT INTO `files_types` (`id`, `name`, `created_at`, `updated_at`) VALUES ('111', 'odit', '2006-06-26 22:53:32', '2003-01-06 22:22:17');
INSERT INTO `files_types` (`id`, `name`, `created_at`, `updated_at`) VALUES ('112', 'nemo', '2014-11-28 04:58:35', '1973-05-29 10:29:55');
INSERT INTO `files_types` (`id`, `name`, `created_at`, `updated_at`) VALUES ('113', 'facere', '1979-04-22 06:32:19', '1976-07-05 19:18:54');
INSERT INTO `files_types` (`id`, `name`, `created_at`, `updated_at`) VALUES ('114', 'magnam', '1989-09-16 23:08:47', '2014-06-11 11:34:47');
INSERT INTO `files_types` (`id`, `name`, `created_at`, `updated_at`) VALUES ('115', 'sapiente', '1997-10-18 04:35:46', '1987-08-10 04:44:00');
INSERT INTO `files_types` (`id`, `name`, `created_at`, `updated_at`) VALUES ('116', 'rerum', '2015-04-02 17:58:17', '2002-09-17 15:12:59');
INSERT INTO `files_types` (`id`, `name`, `created_at`, `updated_at`) VALUES ('117', 'nisi', '2003-02-06 23:33:41', '1970-03-20 23:55:42');
INSERT INTO `files_types` (`id`, `name`, `created_at`, `updated_at`) VALUES ('118', 'quod', '1993-06-17 20:15:46', '2016-06-21 16:33:31');
INSERT INTO `files_types` (`id`, `name`, `created_at`, `updated_at`) VALUES ('119', 'deserunt', '1974-04-18 08:10:48', '2009-05-24 17:04:42');
INSERT INTO `files_types` (`id`, `name`, `created_at`, `updated_at`) VALUES ('120', 'velit', '1991-06-28 09:08:29', '2006-03-21 18:42:41');
INSERT INTO `files_types` (`id`, `name`, `created_at`, `updated_at`) VALUES ('121', 'et', '2010-10-31 21:00:19', '1999-12-01 13:52:32');
INSERT INTO `files_types` (`id`, `name`, `created_at`, `updated_at`) VALUES ('122', 'incidunt', '1993-04-14 11:44:47', '1975-12-20 11:43:32');
INSERT INTO `files_types` (`id`, `name`, `created_at`, `updated_at`) VALUES ('123', 'molestias', '1978-04-19 07:23:43', '1977-11-01 03:27:54');
INSERT INTO `files_types` (`id`, `name`, `created_at`, `updated_at`) VALUES ('124', 'consectetur', '2007-10-09 04:18:46', '1985-02-09 08:55:40');
INSERT INTO `files_types` (`id`, `name`, `created_at`, `updated_at`) VALUES ('125', 'inventore', '1971-07-14 22:22:48', '1979-08-14 08:45:03');
INSERT INTO `files_types` (`id`, `name`, `created_at`, `updated_at`) VALUES ('126', 'error', '1997-02-28 22:20:08', '2003-06-09 10:51:45');
INSERT INTO `files_types` (`id`, `name`, `created_at`, `updated_at`) VALUES ('127', 'dolorem', '1997-08-14 00:12:56', '2010-01-09 21:41:10');
INSERT INTO `files_types` (`id`, `name`, `created_at`, `updated_at`) VALUES ('128', 'quia', '1983-04-05 14:55:07', '2000-05-06 16:07:14');
INSERT INTO `files_types` (`id`, `name`, `created_at`, `updated_at`) VALUES ('129', 'labore', '1997-12-28 23:45:51', '1982-03-02 08:41:54');
INSERT INTO `files_types` (`id`, `name`, `created_at`, `updated_at`) VALUES ('130', 'quia', '1983-04-25 23:21:50', '1984-10-14 02:08:59');
INSERT INTO `files_types` (`id`, `name`, `created_at`, `updated_at`) VALUES ('131', 'non', '1982-11-30 21:36:13', '1987-09-27 10:16:38');
INSERT INTO `files_types` (`id`, `name`, `created_at`, `updated_at`) VALUES ('132', 'et', '1970-01-20 09:46:43', '2002-06-19 15:39:07');
INSERT INTO `files_types` (`id`, `name`, `created_at`, `updated_at`) VALUES ('133', 'ad', '1986-04-03 02:32:01', '1994-06-06 08:45:00');
INSERT INTO `files_types` (`id`, `name`, `created_at`, `updated_at`) VALUES ('134', 'est', '1980-06-21 12:26:14', '2007-08-29 04:04:21');
INSERT INTO `files_types` (`id`, `name`, `created_at`, `updated_at`) VALUES ('135', 'et', '2015-10-08 19:44:36', '2001-01-22 18:40:50');
INSERT INTO `files_types` (`id`, `name`, `created_at`, `updated_at`) VALUES ('136', 'est', '2016-11-30 03:59:21', '2008-12-10 15:35:52');
INSERT INTO `files_types` (`id`, `name`, `created_at`, `updated_at`) VALUES ('137', 'qui', '1990-06-03 12:40:25', '1970-02-24 20:20:16');
INSERT INTO `files_types` (`id`, `name`, `created_at`, `updated_at`) VALUES ('138', 'quasi', '1995-01-11 18:58:51', '2010-12-29 20:00:37');
INSERT INTO `files_types` (`id`, `name`, `created_at`, `updated_at`) VALUES ('139', 'voluptates', '1978-10-02 07:45:14', '1984-03-23 18:32:25');
INSERT INTO `files_types` (`id`, `name`, `created_at`, `updated_at`) VALUES ('140', 'perspiciatis', '1996-03-13 16:27:26', '1995-10-10 07:41:59');
INSERT INTO `files_types` (`id`, `name`, `created_at`, `updated_at`) VALUES ('141', 'doloribus', '1992-08-25 00:33:25', '2003-02-11 14:19:21');
INSERT INTO `files_types` (`id`, `name`, `created_at`, `updated_at`) VALUES ('142', 'maxime', '2000-05-09 23:31:05', '1973-06-15 08:22:59');
INSERT INTO `files_types` (`id`, `name`, `created_at`, `updated_at`) VALUES ('143', 'repudiandae', '2003-03-18 02:29:38', '2005-09-15 14:21:15');
INSERT INTO `files_types` (`id`, `name`, `created_at`, `updated_at`) VALUES ('144', 'asperiores', '1980-05-13 22:39:37', '1977-09-01 18:14:51');
INSERT INTO `files_types` (`id`, `name`, `created_at`, `updated_at`) VALUES ('145', 'omnis', '1970-10-25 21:47:50', '2007-10-02 21:30:12');
INSERT INTO `files_types` (`id`, `name`, `created_at`, `updated_at`) VALUES ('146', 'architecto', '1992-12-30 19:18:05', '1999-06-28 03:55:26');
INSERT INTO `files_types` (`id`, `name`, `created_at`, `updated_at`) VALUES ('147', 'facere', '2005-05-07 11:29:09', '1998-07-11 08:01:36');
INSERT INTO `files_types` (`id`, `name`, `created_at`, `updated_at`) VALUES ('148', 'sapiente', '2019-11-07 09:23:20', '2004-03-18 05:52:04');
INSERT INTO `files_types` (`id`, `name`, `created_at`, `updated_at`) VALUES ('149', 'voluptas', '1975-10-10 21:43:17', '2005-07-18 10:06:52');
INSERT INTO `files_types` (`id`, `name`, `created_at`, `updated_at`) VALUES ('150', 'magni', '2017-06-24 00:34:44', '1979-02-18 18:21:05');
INSERT INTO `files_types` (`id`, `name`, `created_at`, `updated_at`) VALUES ('151', 'amet', '1998-08-11 10:44:53', '2007-07-03 00:19:37');
INSERT INTO `files_types` (`id`, `name`, `created_at`, `updated_at`) VALUES ('152', 'dicta', '2000-12-25 00:32:35', '1983-09-16 17:27:02');
INSERT INTO `files_types` (`id`, `name`, `created_at`, `updated_at`) VALUES ('153', 'pariatur', '1998-11-12 16:03:17', '1976-02-08 22:30:13');
INSERT INTO `files_types` (`id`, `name`, `created_at`, `updated_at`) VALUES ('154', 'dolores', '1974-03-09 19:43:08', '1986-09-05 16:26:55');
INSERT INTO `files_types` (`id`, `name`, `created_at`, `updated_at`) VALUES ('155', 'id', '2017-12-19 11:37:54', '2014-09-18 07:40:11');
INSERT INTO `files_types` (`id`, `name`, `created_at`, `updated_at`) VALUES ('156', 'ut', '1981-05-21 11:09:16', '2020-02-16 10:43:09');
INSERT INTO `files_types` (`id`, `name`, `created_at`, `updated_at`) VALUES ('157', 'doloremque', '2016-08-09 09:27:21', '1980-02-26 22:37:19');
INSERT INTO `files_types` (`id`, `name`, `created_at`, `updated_at`) VALUES ('158', 'voluptas', '1972-07-02 15:40:12', '2006-06-09 01:16:38');
INSERT INTO `files_types` (`id`, `name`, `created_at`, `updated_at`) VALUES ('159', 'cupiditate', '1979-12-31 05:48:02', '2001-03-11 09:00:29');
INSERT INTO `files_types` (`id`, `name`, `created_at`, `updated_at`) VALUES ('160', 'quae', '2015-09-26 09:56:03', '1988-11-22 06:07:05');
INSERT INTO `files_types` (`id`, `name`, `created_at`, `updated_at`) VALUES ('161', 'amet', '2002-11-27 07:09:57', '2008-06-01 06:22:57');
INSERT INTO `files_types` (`id`, `name`, `created_at`, `updated_at`) VALUES ('162', 'quibusdam', '2012-06-25 06:43:56', '2002-06-26 08:50:12');
INSERT INTO `files_types` (`id`, `name`, `created_at`, `updated_at`) VALUES ('163', 'non', '2016-10-04 20:22:23', '1970-10-29 19:56:30');
INSERT INTO `files_types` (`id`, `name`, `created_at`, `updated_at`) VALUES ('164', 'saepe', '1980-02-09 03:43:58', '2005-06-10 11:56:58');
INSERT INTO `files_types` (`id`, `name`, `created_at`, `updated_at`) VALUES ('165', 'sed', '2001-03-03 22:03:57', '2007-12-28 11:19:59');
INSERT INTO `files_types` (`id`, `name`, `created_at`, `updated_at`) VALUES ('166', 'et', '2018-09-25 09:08:12', '2013-05-29 22:35:08');
INSERT INTO `files_types` (`id`, `name`, `created_at`, `updated_at`) VALUES ('167', 'eum', '2010-05-06 00:08:26', '2007-03-31 06:00:48');
INSERT INTO `files_types` (`id`, `name`, `created_at`, `updated_at`) VALUES ('168', 'ut', '1999-08-10 09:16:57', '2004-01-31 09:30:32');
INSERT INTO `files_types` (`id`, `name`, `created_at`, `updated_at`) VALUES ('169', 'nesciunt', '1998-09-13 02:30:12', '1989-10-04 13:18:20');
INSERT INTO `files_types` (`id`, `name`, `created_at`, `updated_at`) VALUES ('170', 'sit', '1974-04-16 19:53:39', '2005-03-07 07:35:00');
INSERT INTO `files_types` (`id`, `name`, `created_at`, `updated_at`) VALUES ('171', 'quibusdam', '2002-06-02 03:39:06', '1975-03-30 04:00:15');
INSERT INTO `files_types` (`id`, `name`, `created_at`, `updated_at`) VALUES ('172', 'sit', '1979-11-15 20:23:36', '1991-01-01 00:46:18');
INSERT INTO `files_types` (`id`, `name`, `created_at`, `updated_at`) VALUES ('173', 'dolorem', '2007-02-18 23:11:29', '2008-04-21 00:33:45');
INSERT INTO `files_types` (`id`, `name`, `created_at`, `updated_at`) VALUES ('174', 'voluptate', '2014-05-30 16:56:13', '1991-10-01 09:46:20');
INSERT INTO `files_types` (`id`, `name`, `created_at`, `updated_at`) VALUES ('175', 'et', '1978-01-15 20:10:07', '1997-10-06 06:38:35');
INSERT INTO `files_types` (`id`, `name`, `created_at`, `updated_at`) VALUES ('176', 'amet', '2017-04-30 10:01:00', '2001-03-10 04:42:25');
INSERT INTO `files_types` (`id`, `name`, `created_at`, `updated_at`) VALUES ('177', 'neque', '1994-04-11 16:30:41', '1998-11-30 19:29:16');
INSERT INTO `files_types` (`id`, `name`, `created_at`, `updated_at`) VALUES ('178', 'nihil', '2004-08-20 16:23:23', '2000-12-19 06:48:54');
INSERT INTO `files_types` (`id`, `name`, `created_at`, `updated_at`) VALUES ('179', 'accusamus', '2015-11-25 03:01:20', '1994-01-12 20:33:24');
INSERT INTO `files_types` (`id`, `name`, `created_at`, `updated_at`) VALUES ('180', 'neque', '2001-11-04 07:47:28', '2007-05-19 10:34:17');
INSERT INTO `files_types` (`id`, `name`, `created_at`, `updated_at`) VALUES ('181', 'ut', '2006-08-04 22:53:17', '1994-07-22 10:35:29');
INSERT INTO `files_types` (`id`, `name`, `created_at`, `updated_at`) VALUES ('182', 'temporibus', '1972-12-08 10:05:08', '2001-01-19 12:47:04');
INSERT INTO `files_types` (`id`, `name`, `created_at`, `updated_at`) VALUES ('183', 'esse', '1997-03-15 23:23:33', '1995-06-04 23:48:17');
INSERT INTO `files_types` (`id`, `name`, `created_at`, `updated_at`) VALUES ('184', 'odit', '1995-06-22 17:14:53', '1985-05-28 23:12:00');
INSERT INTO `files_types` (`id`, `name`, `created_at`, `updated_at`) VALUES ('185', 'corporis', '1970-04-30 11:07:38', '1990-11-05 08:31:31');
INSERT INTO `files_types` (`id`, `name`, `created_at`, `updated_at`) VALUES ('186', 'porro', '2004-07-02 19:34:29', '1997-12-01 06:05:49');
INSERT INTO `files_types` (`id`, `name`, `created_at`, `updated_at`) VALUES ('187', 'dolorem', '1973-01-03 18:58:02', '1977-11-30 21:33:30');
INSERT INTO `files_types` (`id`, `name`, `created_at`, `updated_at`) VALUES ('188', 'voluptatem', '1989-05-03 09:12:39', '1986-12-03 14:42:34');
INSERT INTO `files_types` (`id`, `name`, `created_at`, `updated_at`) VALUES ('189', 'aut', '2018-11-11 22:44:50', '1970-02-02 06:01:27');
INSERT INTO `files_types` (`id`, `name`, `created_at`, `updated_at`) VALUES ('190', 'debitis', '1986-05-02 07:52:11', '1993-05-13 02:13:56');
INSERT INTO `files_types` (`id`, `name`, `created_at`, `updated_at`) VALUES ('191', 'facere', '2010-05-28 12:30:28', '2004-03-13 08:02:58');
INSERT INTO `files_types` (`id`, `name`, `created_at`, `updated_at`) VALUES ('192', 'voluptas', '2011-05-06 09:57:31', '1994-09-14 22:26:12');
INSERT INTO `files_types` (`id`, `name`, `created_at`, `updated_at`) VALUES ('193', 'occaecati', '1993-02-19 10:08:43', '1980-04-01 23:54:44');
INSERT INTO `files_types` (`id`, `name`, `created_at`, `updated_at`) VALUES ('194', 'sint', '2008-01-17 21:25:36', '1987-05-04 12:26:36');
INSERT INTO `files_types` (`id`, `name`, `created_at`, `updated_at`) VALUES ('195', 'voluptatem', '1972-05-13 23:30:46', '1982-08-23 13:32:42');
INSERT INTO `files_types` (`id`, `name`, `created_at`, `updated_at`) VALUES ('196', 'in', '2019-09-25 10:12:52', '1982-08-24 11:04:16');
INSERT INTO `files_types` (`id`, `name`, `created_at`, `updated_at`) VALUES ('197', 'necessitatibus', '1980-07-27 08:03:45', '2003-11-02 00:11:25');
INSERT INTO `files_types` (`id`, `name`, `created_at`, `updated_at`) VALUES ('198', 'praesentium', '2012-08-24 03:58:27', '1984-11-12 02:06:16');
INSERT INTO `files_types` (`id`, `name`, `created_at`, `updated_at`) VALUES ('199', 'mollitia', '1997-09-22 12:16:54', '2020-03-29 19:19:22');
INSERT INTO `files_types` (`id`, `name`, `created_at`, `updated_at`) VALUES ('200', 'eius', '2014-04-19 12:37:32', '1987-07-08 04:47:54');


INSERT INTO `files` (`id`, `files_type_id`, `members_id`, `body`, `filename`, `size`, `metadata`, `created_at`, `updated_at`) VALUES ('101', '101', '101', 'Tenetur corporis culpa eveniet fugiat. Et aut eveniet rerum blanditiis ea. Quo in et commodi a voluptates quisquam. Et similique unde occaecati illo.', 'et', 40497, NULL, '1987-02-18 03:43:51', '1974-12-06 07:14:26');
INSERT INTO `files` (`id`, `files_type_id`, `members_id`, `body`, `filename`, `size`, `metadata`, `created_at`, `updated_at`) VALUES ('102', '102', '102', 'Facere reiciendis molestiae dicta dicta officia. Qui sint doloremque iure vel temporibus. Ipsam architecto vero vero nihil culpa iure suscipit. Veritatis qui provident hic dolor placeat sunt.', 'et', 0, NULL, '2008-12-04 08:59:40', '1998-09-06 06:26:15');
INSERT INTO `files` (`id`, `files_type_id`, `members_id`, `body`, `filename`, `size`, `metadata`, `created_at`, `updated_at`) VALUES ('103', '103', '103', 'Non ex reiciendis tempore placeat. Eveniet itaque quia in molestiae voluptas iusto. Facere dolores impedit et necessitatibus ut qui quasi ipsum.', 'enim', 5672, NULL, '1982-11-29 04:18:09', '1999-03-12 07:23:41');
INSERT INTO `files` (`id`, `files_type_id`, `members_id`, `body`, `filename`, `size`, `metadata`, `created_at`, `updated_at`) VALUES ('104', '104', '104', 'Est velit et vel quae. Dolor est labore asperiores et aut. Vero et dolor dolorem aut nulla.', 'labore', 0, NULL, '1985-05-05 13:39:38', '1972-11-16 04:49:26');
INSERT INTO `files` (`id`, `files_type_id`, `members_id`, `body`, `filename`, `size`, `metadata`, `created_at`, `updated_at`) VALUES ('105', '105', '105', 'Sit repudiandae dolores consequatur assumenda et. Provident aut esse quidem quisquam architecto ipsam. Error occaecati temporibus voluptatem quia ut doloremque.', 'exercitationem', 436, NULL, '1986-01-19 09:37:34', '2012-10-29 18:43:04');
INSERT INTO `files` (`id`, `files_type_id`, `members_id`, `body`, `filename`, `size`, `metadata`, `created_at`, `updated_at`) VALUES ('106', '106', '106', 'Et vero magni magnam molestiae. Aut rerum ut architecto sapiente. Voluptatem et enim velit impedit sed. Cupiditate maxime optio eum officia tempore esse.', 'quasi', 4917, NULL, '2003-09-04 03:57:41', '1984-04-06 06:30:33');
INSERT INTO `files` (`id`, `files_type_id`, `members_id`, `body`, `filename`, `size`, `metadata`, `created_at`, `updated_at`) VALUES ('107', '107', '107', 'Voluptate quod ut blanditiis numquam ut veritatis. Qui officiis magnam ex est et numquam possimus. Vero mollitia quo ab qui deserunt.', 'saepe', 224, NULL, '1993-12-10 23:46:48', '1980-05-17 20:30:40');
INSERT INTO `files` (`id`, `files_type_id`, `members_id`, `body`, `filename`, `size`, `metadata`, `created_at`, `updated_at`) VALUES ('108', '108', '108', 'Dolore aut dicta sed qui vero. Quia rerum temporibus excepturi nihil modi quia. Quae aut et rem animi deleniti doloremque soluta.', 'doloribus', 5251, NULL, '1999-07-16 20:27:14', '1987-05-24 23:17:41');
INSERT INTO `files` (`id`, `files_type_id`, `members_id`, `body`, `filename`, `size`, `metadata`, `created_at`, `updated_at`) VALUES ('109', '109', '109', 'Eum neque provident excepturi et laborum in aut. Ipsum quia sit qui unde facilis. Exercitationem eligendi est qui inventore voluptas sunt doloribus.', 'ea', 1523, NULL, '1982-08-02 01:22:32', '1983-08-02 13:31:30');
INSERT INTO `files` (`id`, `files_type_id`, `members_id`, `body`, `filename`, `size`, `metadata`, `created_at`, `updated_at`) VALUES ('110', '110', '110', 'Qui ducimus et soluta animi. Totam amet vitae est animi et dolorem laudantium. Ex enim voluptatem enim.', 'aut', 7, NULL, '1996-11-27 04:52:04', '1972-12-30 06:41:15');
INSERT INTO `files` (`id`, `files_type_id`, `members_id`, `body`, `filename`, `size`, `metadata`, `created_at`, `updated_at`) VALUES ('111', '111', '111', 'Nihil quas nam ea nulla alias neque. Quia modi corrupti eveniet est rerum quia omnis officia. Sit placeat asperiores numquam temporibus voluptate. Quisquam sed aut voluptatum non molestias ut quaerat dolores. Consectetur quas dolorem quo ducimus provident et qui.', 'saepe', 9504, NULL, '2020-01-31 09:29:46', '2009-11-08 20:55:01');
INSERT INTO `files` (`id`, `files_type_id`, `members_id`, `body`, `filename`, `size`, `metadata`, `created_at`, `updated_at`) VALUES ('112', '112', '112', 'Nihil quos ut rerum repellat ipsum fugit autem sed. Sed in est reprehenderit nihil ad repellat iste. Voluptas hic sapiente aut aut quis ut. Quaerat distinctio porro excepturi est eius pariatur rerum.', 'nostrum', 519, NULL, '1972-07-05 23:31:55', '1979-07-06 15:38:37');
INSERT INTO `files` (`id`, `files_type_id`, `members_id`, `body`, `filename`, `size`, `metadata`, `created_at`, `updated_at`) VALUES ('113', '113', '113', 'Reiciendis provident quos voluptas qui dolor. Explicabo nobis omnis culpa sequi. Tempora modi est quo. Repellat nisi non rerum ducimus.', 'sunt', 3965, NULL, '1975-02-02 03:02:06', '2004-04-20 07:47:11');
INSERT INTO `files` (`id`, `files_type_id`, `members_id`, `body`, `filename`, `size`, `metadata`, `created_at`, `updated_at`) VALUES ('114', '114', '114', 'Magnam in eveniet mollitia molestiae consectetur. Voluptates vel ut ipsa voluptas voluptatem quam. Dolorem dolore cumque non aut eius dicta totam.', 'nostrum', 844276, NULL, '1970-04-20 01:12:50', '2016-10-22 15:45:19');
INSERT INTO `files` (`id`, `files_type_id`, `members_id`, `body`, `filename`, `size`, `metadata`, `created_at`, `updated_at`) VALUES ('115', '115', '115', 'Rem sit distinctio placeat debitis nam voluptas. Maiores aut aut beatae. Tenetur doloribus qui et vel optio autem at libero.', 'recusandae', 551282051, NULL, '2004-07-14 12:16:47', '1977-11-17 20:30:42');
INSERT INTO `files` (`id`, `files_type_id`, `members_id`, `body`, `filename`, `size`, `metadata`, `created_at`, `updated_at`) VALUES ('116', '116', '116', 'Quo dolore vel culpa est deserunt sit nobis. Explicabo quod saepe qui illum debitis labore impedit molestiae. At alias labore doloremque totam ut repellat.', 'quia', 119892, NULL, '1984-07-05 13:40:53', '1973-01-27 22:16:55');
INSERT INTO `files` (`id`, `files_type_id`, `members_id`, `body`, `filename`, `size`, `metadata`, `created_at`, `updated_at`) VALUES ('117', '117', '117', 'Rem ullam molestiae sed expedita eos. Aut eligendi consequatur repellat nemo ex vel similique. Est laborum quia aut inventore dolorem. Sapiente provident omnis non iure nobis hic.', 'perspiciatis', 94963533, NULL, '1983-04-06 21:22:33', '1971-12-20 01:47:39');
INSERT INTO `files` (`id`, `files_type_id`, `members_id`, `body`, `filename`, `size`, `metadata`, `created_at`, `updated_at`) VALUES ('118', '118', '118', 'Iste sequi voluptas corporis. Atque quo quae aut molestias optio et. Non praesentium ut eaque tempore voluptate et. Et non totam soluta et ex. At quidem deserunt quo ipsum ad.', 'aliquid', 0, NULL, '1980-05-09 20:56:06', '1979-02-09 14:21:56');
INSERT INTO `files` (`id`, `files_type_id`, `members_id`, `body`, `filename`, `size`, `metadata`, `created_at`, `updated_at`) VALUES ('119', '119', '119', 'Dicta necessitatibus et eaque. Harum nihil voluptas voluptas ut iure quaerat impedit. Totam quae nobis voluptas ab.', 'est', 0, NULL, '1976-08-20 01:59:23', '2003-10-06 23:11:40');
INSERT INTO `files` (`id`, `files_type_id`, `members_id`, `body`, `filename`, `size`, `metadata`, `created_at`, `updated_at`) VALUES ('120', '120', '120', 'Ipsa eos ratione minima enim et harum. Omnis adipisci voluptatum quibusdam sint nobis. Enim necessitatibus eum et quam distinctio. Ea est similique non voluptas repellendus ut quia.', 'saepe', 470501, NULL, '1992-09-21 03:38:15', '1998-06-30 16:44:15');
INSERT INTO `files` (`id`, `files_type_id`, `members_id`, `body`, `filename`, `size`, `metadata`, `created_at`, `updated_at`) VALUES ('121', '121', '121', 'Ut quo dolor inventore voluptatem. Blanditiis ullam ea explicabo est.', 'quaerat', 7, NULL, '2005-04-09 18:10:56', '1979-01-26 10:23:58');
INSERT INTO `files` (`id`, `files_type_id`, `members_id`, `body`, `filename`, `size`, `metadata`, `created_at`, `updated_at`) VALUES ('122', '122', '122', 'Quam eos eos ut. Officia veritatis expedita vero consequatur voluptatum necessitatibus. Eveniet at qui expedita adipisci ut delectus.', 'veniam', 8342590, NULL, '1975-04-08 06:36:36', '1979-03-28 00:19:44');
INSERT INTO `files` (`id`, `files_type_id`, `members_id`, `body`, `filename`, `size`, `metadata`, `created_at`, `updated_at`) VALUES ('123', '123', '123', 'Ut distinctio delectus eum maxime et libero in. Quasi omnis accusamus a est qui eos numquam eos. Recusandae quo aut quia quam rerum. Aperiam id hic cum error.', 'provident', 0, NULL, '1991-03-26 02:20:12', '2008-04-20 13:55:24');
INSERT INTO `files` (`id`, `files_type_id`, `members_id`, `body`, `filename`, `size`, `metadata`, `created_at`, `updated_at`) VALUES ('124', '124', '124', 'Quibusdam quisquam quam et voluptas id asperiores molestiae. Aut saepe facilis et similique aspernatur. Est esse aut architecto voluptatem eligendi aut et laboriosam.', 'minima', 813028, NULL, '2013-02-25 19:33:22', '1998-01-26 02:04:10');
INSERT INTO `files` (`id`, `files_type_id`, `members_id`, `body`, `filename`, `size`, `metadata`, `created_at`, `updated_at`) VALUES ('125', '125', '125', 'Facere nam et necessitatibus reprehenderit voluptatem. Nihil at voluptatum sunt. Sed corrupti iusto velit minus omnis.', 'consequatur', 5, NULL, '1977-12-07 20:45:54', '1977-07-19 12:15:20');
INSERT INTO `files` (`id`, `files_type_id`, `members_id`, `body`, `filename`, `size`, `metadata`, `created_at`, `updated_at`) VALUES ('126', '126', '126', 'Id doloremque officiis omnis doloremque ut. Velit dolore occaecati porro fugit deleniti praesentium rem. Rem in nulla voluptatibus facere eos et numquam. Quae sequi iure sequi officiis doloribus.', 'laboriosam', 9428412, NULL, '2012-04-24 14:50:13', '1988-08-25 12:58:46');
INSERT INTO `files` (`id`, `files_type_id`, `members_id`, `body`, `filename`, `size`, `metadata`, `created_at`, `updated_at`) VALUES ('127', '127', '127', 'Quidem temporibus aut et ipsam pariatur ea dolores. Repellendus nam dolores eligendi. Magni voluptas quod quia animi harum esse.', 'aliquid', 1797, NULL, '2001-04-26 16:22:19', '2019-10-04 20:15:21');
INSERT INTO `files` (`id`, `files_type_id`, `members_id`, `body`, `filename`, `size`, `metadata`, `created_at`, `updated_at`) VALUES ('128', '128', '128', 'Est ut labore repellendus minus fugit incidunt ducimus modi. Voluptatibus est neque nobis minima iusto debitis similique. Accusamus et alias blanditiis illo corporis amet. Tempora facere impedit voluptas quos molestias.', 'veritatis', 642715923, NULL, '1995-09-14 12:09:43', '1979-04-05 12:41:28');
INSERT INTO `files` (`id`, `files_type_id`, `members_id`, `body`, `filename`, `size`, `metadata`, `created_at`, `updated_at`) VALUES ('129', '129', '129', 'Iure iusto deserunt veritatis voluptatum tenetur voluptatem. Sit voluptate voluptate quasi vitae iste. Amet at vel exercitationem libero. Enim ut et nobis.', 'sequi', 43, NULL, '1973-08-05 14:29:15', '2018-04-27 12:36:25');
INSERT INTO `files` (`id`, `files_type_id`, `members_id`, `body`, `filename`, `size`, `metadata`, `created_at`, `updated_at`) VALUES ('130', '130', '130', 'Vitae est quaerat et quo quo expedita sequi earum. Praesentium corporis ea aut doloribus totam ad. Sint in laudantium sed et autem beatae exercitationem. Quas repellendus nostrum voluptatum aut id odio.', 'optio', 73473156, NULL, '1979-11-02 14:28:13', '2003-07-21 18:05:45');
INSERT INTO `files` (`id`, `files_type_id`, `members_id`, `body`, `filename`, `size`, `metadata`, `created_at`, `updated_at`) VALUES ('131', '131', '131', 'Perferendis corrupti illum aut est similique labore vero voluptas. Sint qui est quis. Rem facere rerum commodi officia.', 'fuga', 9, NULL, '2004-06-04 22:02:36', '2005-11-05 16:37:16');
INSERT INTO `files` (`id`, `files_type_id`, `members_id`, `body`, `filename`, `size`, `metadata`, `created_at`, `updated_at`) VALUES ('132', '132', '132', 'Quos et ex at ipsum. Expedita id temporibus magni numquam consectetur quis inventore. Cumque eius aperiam non unde. Cum perspiciatis debitis qui quo.', 'esse', 2, NULL, '1971-06-11 15:58:38', '1997-12-30 23:29:12');
INSERT INTO `files` (`id`, `files_type_id`, `members_id`, `body`, `filename`, `size`, `metadata`, `created_at`, `updated_at`) VALUES ('133', '133', '133', 'Porro recusandae illo ipsum iusto aliquam. Iste quibusdam et id suscipit veritatis qui aut. Aut officiis quisquam est soluta dolores sequi possimus.', 'accusamus', 4833, NULL, '2004-08-07 06:36:34', '1985-01-05 02:12:18');
INSERT INTO `files` (`id`, `files_type_id`, `members_id`, `body`, `filename`, `size`, `metadata`, `created_at`, `updated_at`) VALUES ('134', '134', '134', 'Aliquid natus numquam et eos. Et natus et ad quisquam iusto qui velit eos. Voluptatibus rerum aut commodi numquam et eligendi quia perferendis. Est quam voluptatem harum vel.', 'reiciendis', 114320, NULL, '1997-04-22 16:55:59', '2010-08-18 00:33:59');
INSERT INTO `files` (`id`, `files_type_id`, `members_id`, `body`, `filename`, `size`, `metadata`, `created_at`, `updated_at`) VALUES ('135', '135', '135', 'Consequuntur hic accusantium hic vitae maxime at. Quia quos aut accusamus praesentium odio vel placeat. Eos eaque sit tempore perspiciatis modi. Quidem in eos vel cumque necessitatibus.', 'voluptas', 54, NULL, '1992-10-05 07:10:05', '1981-05-13 15:25:26');
INSERT INTO `files` (`id`, `files_type_id`, `members_id`, `body`, `filename`, `size`, `metadata`, `created_at`, `updated_at`) VALUES ('136', '136', '136', 'Quia voluptate numquam impedit iste cum aut impedit. Doloremque velit eos magnam recusandae soluta dolor aspernatur. Debitis voluptatem eligendi ut fugit error libero voluptas. Eveniet unde necessitatibus magnam voluptatem non architecto natus illum.', 'et', 5723185, NULL, '1974-01-09 11:43:29', '2019-07-19 07:19:40');
INSERT INTO `files` (`id`, `files_type_id`, `members_id`, `body`, `filename`, `size`, `metadata`, `created_at`, `updated_at`) VALUES ('137', '137', '137', 'Culpa at autem velit maiores quidem dolorum rem vel. Recusandae enim dolorem aut et qui exercitationem vitae qui. Ut quo facilis voluptatem voluptas unde et dolorem. Quia quibusdam magni vero vero id aut. Quas eum aut perferendis eius corporis magnam.', 'suscipit', 5122, NULL, '2017-10-10 12:48:42', '1986-01-08 08:35:57');
INSERT INTO `files` (`id`, `files_type_id`, `members_id`, `body`, `filename`, `size`, `metadata`, `created_at`, `updated_at`) VALUES ('138', '138', '138', 'Officiis rem et placeat quibusdam non voluptatem aperiam incidunt. Est qui id numquam minus architecto. Ea sint error autem voluptatem ut. Mollitia et facere in eum quis ut distinctio.', 'id', 8576, NULL, '2003-07-28 13:51:42', '1990-09-20 00:12:34');
INSERT INTO `files` (`id`, `files_type_id`, `members_id`, `body`, `filename`, `size`, `metadata`, `created_at`, `updated_at`) VALUES ('139', '139', '139', 'Distinctio saepe corporis fugit ut ipsam cum illo. Illum iste rerum numquam est id. Inventore minus dolorum in ut rerum sapiente inventore.', 'quis', 20, NULL, '1979-05-08 20:06:29', '1977-08-09 18:03:19');
INSERT INTO `files` (`id`, `files_type_id`, `members_id`, `body`, `filename`, `size`, `metadata`, `created_at`, `updated_at`) VALUES ('140', '140', '140', 'Nesciunt praesentium quas atque laborum. Magni quia molestiae aliquid deserunt unde. Necessitatibus cupiditate libero totam ut ipsam est. Maiores quae magnam error quaerat fugit. Perferendis vero qui sed nesciunt.', 'voluptatem', 48435662, NULL, '1981-01-17 00:01:41', '2000-05-05 13:47:34');
INSERT INTO `files` (`id`, `files_type_id`, `members_id`, `body`, `filename`, `size`, `metadata`, `created_at`, `updated_at`) VALUES ('141', '141', '141', 'Fugiat adipisci reprehenderit quas voluptatem maxime aut. Enim praesentium ad veritatis exercitationem fugiat sit. Eaque sed consequuntur ratione delectus ipsam.', 'a', 56990437, NULL, '2014-02-07 20:13:02', '2012-12-31 15:11:13');
INSERT INTO `files` (`id`, `files_type_id`, `members_id`, `body`, `filename`, `size`, `metadata`, `created_at`, `updated_at`) VALUES ('142', '142', '142', 'Explicabo voluptatem qui laboriosam placeat unde sint ipsam. Incidunt aut aut autem amet. Aut maiores praesentium quia inventore quibusdam est iure. Deserunt natus natus ut quis.', 'nemo', 2219, NULL, '2017-03-24 22:14:02', '2006-11-08 10:31:46');
INSERT INTO `files` (`id`, `files_type_id`, `members_id`, `body`, `filename`, `size`, `metadata`, `created_at`, `updated_at`) VALUES ('143', '143', '143', 'Aut provident ducimus veniam quia ducimus. Error quaerat est aliquid tempore at maiores. Sit et tempora totam. Ut consequatur id quasi nesciunt quis fuga provident.', 'sit', 786170257, NULL, '2008-04-07 08:49:11', '2013-05-20 08:55:16');
INSERT INTO `files` (`id`, `files_type_id`, `members_id`, `body`, `filename`, `size`, `metadata`, `created_at`, `updated_at`) VALUES ('144', '144', '144', 'Tempore neque atque iste soluta enim. Molestiae dolorem saepe accusamus.', 'accusamus', 80345, NULL, '1983-02-13 03:44:44', '2000-03-23 09:37:25');
INSERT INTO `files` (`id`, `files_type_id`, `members_id`, `body`, `filename`, `size`, `metadata`, `created_at`, `updated_at`) VALUES ('145', '145', '145', 'Quam eos eligendi nisi in ratione excepturi repellat. Beatae maiores aut iure eligendi laborum provident tempore. Eos nihil dolores nam atque voluptatum.', 'ab', 750119633, NULL, '1990-05-26 12:28:54', '1981-10-08 06:15:04');
INSERT INTO `files` (`id`, `files_type_id`, `members_id`, `body`, `filename`, `size`, `metadata`, `created_at`, `updated_at`) VALUES ('146', '146', '146', 'Error saepe amet et harum eos nobis eum. Ut non quia soluta sed beatae eaque. Recusandae soluta id exercitationem doloremque vero laudantium. Omnis neque quas voluptas rem vero nemo consectetur enim.', 'distinctio', 5, NULL, '2009-06-22 16:48:20', '1980-01-25 08:45:23');
INSERT INTO `files` (`id`, `files_type_id`, `members_id`, `body`, `filename`, `size`, `metadata`, `created_at`, `updated_at`) VALUES ('147', '147', '147', 'Ullam saepe accusantium architecto natus soluta. Nesciunt non aut sit repudiandae laboriosam. Quia nemo et illum inventore dignissimos adipisci nostrum.', 'dignissimos', 74828080, NULL, '2011-04-21 00:50:33', '1993-10-21 22:27:44');
INSERT INTO `files` (`id`, `files_type_id`, `members_id`, `body`, `filename`, `size`, `metadata`, `created_at`, `updated_at`) VALUES ('148', '148', '148', 'Quos nostrum maiores voluptates quis. Optio consequatur sed voluptatem dolores esse quia. Consectetur eaque consequuntur dicta a veritatis quia laborum aut. Recusandae molestiae quia eum temporibus et dolorem.', 'quos', 85601, NULL, '1971-10-22 15:54:41', '2011-05-24 12:59:24');
INSERT INTO `files` (`id`, `files_type_id`, `members_id`, `body`, `filename`, `size`, `metadata`, `created_at`, `updated_at`) VALUES ('149', '149', '149', 'Voluptatem eos recusandae quis sequi eos tempore voluptatem. Vitae totam asperiores quo est non magnam qui. Eum provident consequatur harum sint minus. Cupiditate earum et nemo officia laborum quidem. Neque cum quibusdam earum excepturi.', 'deleniti', 0, NULL, '1984-08-16 08:03:11', '2014-08-12 12:27:12');
INSERT INTO `files` (`id`, `files_type_id`, `members_id`, `body`, `filename`, `size`, `metadata`, `created_at`, `updated_at`) VALUES ('150', '150', '150', 'Voluptas maiores enim perspiciatis odio. Nesciunt ut deserunt nostrum atque sed. Est accusantium neque alias quae.', 'eius', 2, NULL, '2000-12-26 21:54:39', '1978-04-04 06:56:42');
INSERT INTO `files` (`id`, `files_type_id`, `members_id`, `body`, `filename`, `size`, `metadata`, `created_at`, `updated_at`) VALUES ('151', '151', '151', 'Voluptates fugit voluptatem est nihil quo quia minima iusto. Perspiciatis quos quia consequatur culpa aut. Ea nobis ex sed.', 'distinctio', 894786071, NULL, '1993-04-29 10:45:20', '1970-12-19 09:36:16');
INSERT INTO `files` (`id`, `files_type_id`, `members_id`, `body`, `filename`, `size`, `metadata`, `created_at`, `updated_at`) VALUES ('152', '152', '152', 'Quo nihil vel deserunt minima iure consequatur sit. Voluptas ut debitis vitae expedita et veritatis.', 'officia', 6, NULL, '1997-05-25 16:34:26', '2017-12-19 14:26:31');
INSERT INTO `files` (`id`, `files_type_id`, `members_id`, `body`, `filename`, `size`, `metadata`, `created_at`, `updated_at`) VALUES ('153', '153', '153', 'Modi rem quis adipisci nesciunt deleniti dolor. Autem omnis illo voluptatibus.', 'doloremque', 28684656, NULL, '2005-11-06 18:59:02', '1996-05-29 18:45:38');
INSERT INTO `files` (`id`, `files_type_id`, `members_id`, `body`, `filename`, `size`, `metadata`, `created_at`, `updated_at`) VALUES ('154', '154', '154', 'Deserunt perferendis quia corrupti explicabo dolorem. Et necessitatibus aspernatur non voluptate dolores. Nostrum perspiciatis ut maxime illum distinctio.', 'odit', 615, NULL, '1973-12-28 00:53:28', '2003-12-28 01:45:55');
INSERT INTO `files` (`id`, `files_type_id`, `members_id`, `body`, `filename`, `size`, `metadata`, `created_at`, `updated_at`) VALUES ('155', '155', '155', 'Deserunt molestias a enim blanditiis minima fugiat dolor. Autem perspiciatis architecto repudiandae autem aperiam nemo porro.', 'aut', 71, NULL, '1992-07-14 00:06:57', '1972-10-22 13:47:52');
INSERT INTO `files` (`id`, `files_type_id`, `members_id`, `body`, `filename`, `size`, `metadata`, `created_at`, `updated_at`) VALUES ('156', '156', '156', 'Ut voluptas esse eligendi vel nihil expedita neque. Consequatur ut eius omnis quidem corporis vero nesciunt. Sit eos eos voluptates tempora aut voluptas. Tempore maiores rerum quisquam tenetur. Mollitia et totam et eum id porro.', 'voluptas', 4902, NULL, '1997-09-25 04:23:41', '1983-10-08 23:35:02');
INSERT INTO `files` (`id`, `files_type_id`, `members_id`, `body`, `filename`, `size`, `metadata`, `created_at`, `updated_at`) VALUES ('157', '157', '157', 'Non autem dolore sint tempore culpa dolor. Nulla maxime ad voluptatem non itaque sunt.', 'repellat', 129558, NULL, '1974-04-09 14:50:46', '2018-09-02 23:31:29');
INSERT INTO `files` (`id`, `files_type_id`, `members_id`, `body`, `filename`, `size`, `metadata`, `created_at`, `updated_at`) VALUES ('158', '158', '158', 'Voluptate impedit dolor possimus dolores qui. Omnis perferendis delectus aliquam. Explicabo asperiores sit inventore totam aliquid. Magnam voluptatibus qui rerum vero explicabo enim explicabo.', 'veniam', 430, NULL, '1981-01-17 07:20:51', '2001-06-07 15:03:55');
INSERT INTO `files` (`id`, `files_type_id`, `members_id`, `body`, `filename`, `size`, `metadata`, `created_at`, `updated_at`) VALUES ('159', '159', '159', 'Autem facere sunt sit quisquam nihil amet. Velit mollitia qui aut nisi esse. Eaque sed culpa aspernatur fugiat rem tempore.', 'voluptatem', 719, NULL, '1971-03-30 03:35:32', '1978-10-26 05:29:09');
INSERT INTO `files` (`id`, `files_type_id`, `members_id`, `body`, `filename`, `size`, `metadata`, `created_at`, `updated_at`) VALUES ('160', '160', '160', 'Veritatis perferendis ipsa minus optio esse qui enim. Recusandae fuga nisi debitis aut ut. Magnam doloremque eum explicabo recusandae.', 'est', 53936748, NULL, '1971-04-03 13:15:13', '1997-02-15 00:44:10');
INSERT INTO `files` (`id`, `files_type_id`, `members_id`, `body`, `filename`, `size`, `metadata`, `created_at`, `updated_at`) VALUES ('161', '161', '161', 'Voluptatem fugiat et quis reiciendis. Qui perferendis blanditiis voluptatem molestiae eligendi. Rerum totam aut occaecati perspiciatis. Tempora quo rerum dolore accusamus facilis.', 'neque', 24458375, NULL, '1981-12-23 23:35:15', '1989-02-02 23:18:09');
INSERT INTO `files` (`id`, `files_type_id`, `members_id`, `body`, `filename`, `size`, `metadata`, `created_at`, `updated_at`) VALUES ('162', '162', '162', 'Corporis omnis cumque dolores qui aliquam omnis ut. Voluptas labore in est. Consequuntur porro molestiae quaerat repellendus et et.', 'iusto', 53755905, NULL, '2011-02-26 15:10:31', '1972-09-11 07:53:16');
INSERT INTO `files` (`id`, `files_type_id`, `members_id`, `body`, `filename`, `size`, `metadata`, `created_at`, `updated_at`) VALUES ('163', '163', '163', 'Culpa et doloribus maxime accusamus omnis assumenda et. Reiciendis nam optio accusamus id id aspernatur. Nemo quae deserunt quos impedit voluptatem consequatur illum libero. Maxime aliquam velit ipsam iusto excepturi corporis.', 'incidunt', 5668330, NULL, '1982-07-15 05:49:35', '1991-02-08 21:09:47');
INSERT INTO `files` (`id`, `files_type_id`, `members_id`, `body`, `filename`, `size`, `metadata`, `created_at`, `updated_at`) VALUES ('164', '164', '164', 'Debitis architecto excepturi cumque. Quis aperiam maxime id. Molestiae aliquid sint nam unde ad et repellat.', 'impedit', 9, NULL, '1974-01-17 12:15:10', '2000-03-17 20:49:53');
INSERT INTO `files` (`id`, `files_type_id`, `members_id`, `body`, `filename`, `size`, `metadata`, `created_at`, `updated_at`) VALUES ('165', '165', '165', 'Quidem rerum consequatur atque quis a tempora laudantium. Ea est ipsum cum est accusamus. Eum ratione distinctio totam voluptas ea occaecati similique culpa. Aperiam est debitis exercitationem corporis dolore in. Repellendus eos non aspernatur ullam nemo fugit ut explicabo.', 'non', 2, NULL, '1975-07-29 05:05:01', '2016-04-08 17:15:22');
INSERT INTO `files` (`id`, `files_type_id`, `members_id`, `body`, `filename`, `size`, `metadata`, `created_at`, `updated_at`) VALUES ('166', '166', '166', 'Corporis itaque provident reiciendis accusamus. Quis et quam minima non. Sit et molestiae sunt ratione qui. Sit aspernatur cupiditate inventore nesciunt.', 'facere', 57, NULL, '1983-03-24 02:17:07', '1997-02-08 18:59:30');
INSERT INTO `files` (`id`, `files_type_id`, `members_id`, `body`, `filename`, `size`, `metadata`, `created_at`, `updated_at`) VALUES ('167', '167', '167', 'Suscipit ut necessitatibus aut tempore. Quasi doloremque sed et iste dicta consectetur. A earum ex molestias ea error adipisci dolorem. Voluptate quo amet sed voluptates commodi tempora mollitia quis.', 'sint', 6092, NULL, '1978-09-18 10:20:37', '1978-11-30 12:03:48');
INSERT INTO `files` (`id`, `files_type_id`, `members_id`, `body`, `filename`, `size`, `metadata`, `created_at`, `updated_at`) VALUES ('168', '168', '168', 'Tempora consequatur nihil earum adipisci soluta dicta consectetur. Animi ea consequatur ea aut et quaerat. Autem voluptatum ut qui rerum saepe sed.', 'culpa', 3598, NULL, '1972-05-29 21:17:42', '2005-10-06 14:01:18');
INSERT INTO `files` (`id`, `files_type_id`, `members_id`, `body`, `filename`, `size`, `metadata`, `created_at`, `updated_at`) VALUES ('169', '169', '169', 'Eos rerum autem doloremque aut. Deleniti maxime aut deleniti quo alias magnam et. Et ut voluptas enim in. Quis ex voluptate consectetur rem inventore sit reiciendis.', 'adipisci', 377956, NULL, '1997-05-05 15:30:27', '1975-09-24 16:01:53');
INSERT INTO `files` (`id`, `files_type_id`, `members_id`, `body`, `filename`, `size`, `metadata`, `created_at`, `updated_at`) VALUES ('170', '170', '170', 'Aliquam at magni doloribus dolor. Mollitia quos sint sed dolor in ipsam. Dolore commodi natus qui rerum. Minus soluta sit occaecati sunt quos magnam amet sed.', 'sunt', 20263513, NULL, '1999-11-30 15:29:36', '2001-11-17 13:45:16');
INSERT INTO `files` (`id`, `files_type_id`, `members_id`, `body`, `filename`, `size`, `metadata`, `created_at`, `updated_at`) VALUES ('171', '171', '171', 'Neque aut aut inventore at. Quia nulla qui deserunt quo qui fugiat consequatur facilis. Qui molestias et at rerum sint.', 'animi', 621, NULL, '1991-05-10 22:31:48', '1988-07-08 09:23:58');
INSERT INTO `files` (`id`, `files_type_id`, `members_id`, `body`, `filename`, `size`, `metadata`, `created_at`, `updated_at`) VALUES ('172', '172', '172', 'Mollitia inventore laudantium sunt repudiandae quisquam. Ut et numquam dolore impedit et animi aspernatur. Ab totam voluptas sit eos ut. Ut nostrum est rerum perspiciatis. Iusto reprehenderit enim incidunt dolorem at natus.', 'deleniti', 122, NULL, '2006-11-02 00:40:28', '1991-08-19 13:45:03');
INSERT INTO `files` (`id`, `files_type_id`, `members_id`, `body`, `filename`, `size`, `metadata`, `created_at`, `updated_at`) VALUES ('173', '173', '173', 'Neque natus similique qui ab non pariatur. Aut et accusamus et vel sed officia atque. Dicta vel dolorem architecto a et id laborum ut. Eos rerum debitis debitis earum iusto non eveniet.', 'neque', 0, NULL, '2007-11-04 01:25:21', '1971-08-31 17:46:36');
INSERT INTO `files` (`id`, `files_type_id`, `members_id`, `body`, `filename`, `size`, `metadata`, `created_at`, `updated_at`) VALUES ('174', '174', '174', 'Occaecati et in quia dignissimos esse tenetur et. Quos temporibus aliquid qui aspernatur non consequatur et. Sit qui ut ipsum at perferendis sequi eligendi. Soluta veniam minima eum. Modi atque quia enim maiores error.', 'aut', 808436765, NULL, '2002-08-28 02:37:36', '1995-12-27 09:15:02');
INSERT INTO `files` (`id`, `files_type_id`, `members_id`, `body`, `filename`, `size`, `metadata`, `created_at`, `updated_at`) VALUES ('175', '175', '175', 'Saepe vel qui libero at dolorum. Exercitationem rerum harum accusantium qui debitis nisi adipisci. Atque aut vel sit accusamus debitis excepturi.', 'minima', 921, NULL, '2010-06-28 11:07:31', '2011-06-08 17:18:46');
INSERT INTO `files` (`id`, `files_type_id`, `members_id`, `body`, `filename`, `size`, `metadata`, `created_at`, `updated_at`) VALUES ('176', '176', '176', 'Praesentium in optio esse amet nisi non voluptas. In quia ut iure ex. Omnis doloribus distinctio minus eum deleniti odio voluptas. Delectus praesentium accusamus animi optio.', 'et', 8, NULL, '1995-08-12 12:34:26', '2001-10-11 02:37:14');
INSERT INTO `files` (`id`, `files_type_id`, `members_id`, `body`, `filename`, `size`, `metadata`, `created_at`, `updated_at`) VALUES ('177', '177', '177', 'Neque sint ratione rem. Ut itaque quisquam omnis ab quia voluptas velit. Illo qui reiciendis et.', 'facere', 5, NULL, '1992-06-17 22:46:38', '1994-10-28 12:56:30');
INSERT INTO `files` (`id`, `files_type_id`, `members_id`, `body`, `filename`, `size`, `metadata`, `created_at`, `updated_at`) VALUES ('178', '178', '178', 'Expedita consequatur ullam at labore aliquam ipsum non. Vitae enim tempore sint rerum. Repellat vel perspiciatis quia est quas harum harum. Ducimus dignissimos itaque dolores qui est provident.', 'voluptas', 292, NULL, '1998-04-12 20:23:39', '2014-03-25 11:44:28');
INSERT INTO `files` (`id`, `files_type_id`, `members_id`, `body`, `filename`, `size`, `metadata`, `created_at`, `updated_at`) VALUES ('179', '179', '179', 'Vel qui eius praesentium. Ducimus a rerum architecto. Ea ea nemo inventore minus est.', 'aut', 255022169, NULL, '1997-11-27 21:00:27', '1994-04-16 01:29:08');
INSERT INTO `files` (`id`, `files_type_id`, `members_id`, `body`, `filename`, `size`, `metadata`, `created_at`, `updated_at`) VALUES ('180', '180', '180', 'Ab sint sed nesciunt aliquid expedita et minima cumque. Consequatur eveniet quia dolores quod iste ad. Inventore in magni optio quia sit. Earum nesciunt dolorem sit distinctio.', 'tempora', 3691, NULL, '1989-09-22 23:45:16', '1994-08-14 06:26:11');
INSERT INTO `files` (`id`, `files_type_id`, `members_id`, `body`, `filename`, `size`, `metadata`, `created_at`, `updated_at`) VALUES ('181', '181', '181', 'Accusantium et rerum earum vero voluptas. Quibusdam tempora ipsam sunt voluptatem quis voluptatum. Libero illo beatae et officia enim voluptates est culpa. Distinctio quia qui qui illum.', 'est', 257, NULL, '1984-02-10 16:55:45', '1991-07-05 12:02:40');
INSERT INTO `files` (`id`, `files_type_id`, `members_id`, `body`, `filename`, `size`, `metadata`, `created_at`, `updated_at`) VALUES ('182', '182', '182', 'Ducimus iste ad dignissimos a voluptas magnam optio. Occaecati pariatur libero cupiditate officia. Fuga omnis id ea molestias nam autem et suscipit.', 'consequatur', 47755, NULL, '1998-10-02 15:01:28', '1994-10-31 23:37:32');
INSERT INTO `files` (`id`, `files_type_id`, `members_id`, `body`, `filename`, `size`, `metadata`, `created_at`, `updated_at`) VALUES ('183', '183', '183', 'Nihil sit id aliquid quo incidunt. Eligendi aut rerum id. Aut doloribus esse laboriosam quasi beatae. Assumenda id voluptas quia repudiandae.', 'non', 83112282, NULL, '1972-08-20 15:28:13', '1970-08-22 05:00:36');
INSERT INTO `files` (`id`, `files_type_id`, `members_id`, `body`, `filename`, `size`, `metadata`, `created_at`, `updated_at`) VALUES ('184', '184', '184', 'Illo iure suscipit sunt exercitationem in et. Autem sed et iusto nulla aliquam quam illum. Praesentium illum et autem asperiores. Explicabo dolore laudantium repudiandae consequatur quis voluptatem omnis.', 'odit', 2326519, NULL, '2000-03-31 02:54:40', '1973-09-08 11:33:35');
INSERT INTO `files` (`id`, `files_type_id`, `members_id`, `body`, `filename`, `size`, `metadata`, `created_at`, `updated_at`) VALUES ('185', '185', '185', 'Veritatis iusto consequatur consequatur minima ipsam minus qui aliquam. Ut optio nihil facere expedita eum nihil velit mollitia. Ea soluta modi dolores laudantium.', 'repellat', 451865850, NULL, '2013-02-01 23:50:18', '1992-08-04 14:13:10');
INSERT INTO `files` (`id`, `files_type_id`, `members_id`, `body`, `filename`, `size`, `metadata`, `created_at`, `updated_at`) VALUES ('186', '186', '186', 'Fuga ut necessitatibus et vitae alias. Deserunt aut non accusamus quam autem sequi. Ut vel at quia expedita sit et. Voluptatem neque vel non distinctio occaecati.', 'nesciunt', 46796927, NULL, '1983-08-09 06:51:34', '1982-08-04 09:49:44');
INSERT INTO `files` (`id`, `files_type_id`, `members_id`, `body`, `filename`, `size`, `metadata`, `created_at`, `updated_at`) VALUES ('187', '187', '187', 'Soluta quis quasi quis. Consequuntur laborum sunt repellat non sequi corporis. Ab quidem sit vero sequi.', 'est', 1727069, NULL, '2015-08-11 10:33:05', '2015-06-08 18:11:16');
INSERT INTO `files` (`id`, `files_type_id`, `members_id`, `body`, `filename`, `size`, `metadata`, `created_at`, `updated_at`) VALUES ('188', '188', '188', 'Debitis debitis dolores a soluta non perferendis. Error magni labore eaque quidem eos nihil sint unde.', 'vel', 89745256, NULL, '2007-06-16 14:43:08', '2000-06-03 16:44:15');
INSERT INTO `files` (`id`, `files_type_id`, `members_id`, `body`, `filename`, `size`, `metadata`, `created_at`, `updated_at`) VALUES ('189', '189', '189', 'Voluptatem rerum et quod est distinctio pariatur aut ipsa. Consectetur numquam omnis perspiciatis aliquam voluptas facere. Pariatur necessitatibus et sit non totam. Nesciunt et esse est dolor consectetur qui accusamus.', 'aut', 76, NULL, '2010-06-24 17:37:22', '1972-06-16 11:18:59');
INSERT INTO `files` (`id`, `files_type_id`, `members_id`, `body`, `filename`, `size`, `metadata`, `created_at`, `updated_at`) VALUES ('190', '190', '190', 'Laudantium vero debitis eum facere. Qui eum tenetur et. Dolor et ab tempora numquam quas cupiditate. Alias rerum vel suscipit nesciunt quaerat.', 'consequatur', 6, NULL, '1990-12-01 09:12:40', '2003-08-30 09:25:13');
INSERT INTO `files` (`id`, `files_type_id`, `members_id`, `body`, `filename`, `size`, `metadata`, `created_at`, `updated_at`) VALUES ('191', '191', '191', 'Quos dolorum placeat reprehenderit facere. Culpa quisquam et incidunt dolores fuga. Consectetur quisquam quas accusamus ut modi maxime ex aliquam. Dicta et ut sed molestiae quaerat velit.', 'hic', 647964863, NULL, '2008-02-19 23:44:04', '2017-08-31 07:32:27');
INSERT INTO `files` (`id`, `files_type_id`, `members_id`, `body`, `filename`, `size`, `metadata`, `created_at`, `updated_at`) VALUES ('192', '192', '192', 'Nihil aut omnis necessitatibus. Qui tempore pariatur cum consequatur. Quo mollitia aut ex accusantium similique quia quaerat. Voluptas ipsa dolore doloribus commodi.', 'libero', 549365, NULL, '2019-04-12 21:23:14', '1970-11-14 16:46:53');
INSERT INTO `files` (`id`, `files_type_id`, `members_id`, `body`, `filename`, `size`, `metadata`, `created_at`, `updated_at`) VALUES ('193', '193', '193', 'Nihil maiores cupiditate amet qui officiis odio. Quia nobis dolor maxime est qui eos sit. Quod rerum sit quam qui. Reprehenderit consequuntur dolores pariatur quisquam molestiae velit ab. Error porro voluptatem rerum rerum vel magnam.', 'unde', 9578351, NULL, '1984-07-31 05:04:50', '2015-04-01 01:54:56');
INSERT INTO `files` (`id`, `files_type_id`, `members_id`, `body`, `filename`, `size`, `metadata`, `created_at`, `updated_at`) VALUES ('194', '194', '194', 'Eaque minima qui quod repellendus hic non. Est omnis et et libero quae. Sunt sunt non minus illum non vel quia voluptas. Corporis expedita eum facere ratione aliquam.', 'optio', 1923350, NULL, '1993-08-26 02:35:23', '1994-08-15 14:47:30');
INSERT INTO `files` (`id`, `files_type_id`, `members_id`, `body`, `filename`, `size`, `metadata`, `created_at`, `updated_at`) VALUES ('195', '195', '195', 'Nisi enim accusamus tempore quae. Qui ratione repudiandae quisquam velit et. Laudantium odio voluptatem quod mollitia neque excepturi.', 'est', 7305, NULL, '2000-11-06 08:33:49', '1996-03-03 02:25:36');
INSERT INTO `files` (`id`, `files_type_id`, `members_id`, `body`, `filename`, `size`, `metadata`, `created_at`, `updated_at`) VALUES ('196', '196', '196', 'Veniam et sit blanditiis consequatur in et. Omnis optio illum nihil dolorum similique tenetur. Non optio omnis minus optio.', 'deleniti', 669620, NULL, '2008-11-07 21:35:08', '2015-04-17 09:07:30');
INSERT INTO `files` (`id`, `files_type_id`, `members_id`, `body`, `filename`, `size`, `metadata`, `created_at`, `updated_at`) VALUES ('197', '197', '197', 'Itaque facere amet unde modi qui dolorum ratione. Fugit quibusdam vitae odio eum ex. Officia expedita id voluptas et aspernatur illum velit. Doloribus accusantium labore voluptatum ad et.', 'inventore', 3, NULL, '1970-03-22 15:41:45', '1990-04-23 16:34:55');
INSERT INTO `files` (`id`, `files_type_id`, `members_id`, `body`, `filename`, `size`, `metadata`, `created_at`, `updated_at`) VALUES ('198', '198', '198', 'Doloremque est sit aut quisquam earum voluptas. Dolore ipsa ut sit magnam. Amet consequatur sit amet natus. Et aliquid et quis reiciendis tempora iure.', 'molestiae', 890397, NULL, '1982-02-17 11:46:45', '2014-12-20 12:42:52');
INSERT INTO `files` (`id`, `files_type_id`, `members_id`, `body`, `filename`, `size`, `metadata`, `created_at`, `updated_at`) VALUES ('199', '199', '199', 'Consequuntur et accusamus iste eius non repellat. At et enim at quia aperiam. Qui molestiae cupiditate est vitae voluptas facilis in. Quam a unde molestias. Est velit fugit autem.', 'unde', 75, NULL, '2018-06-10 08:01:52', '2018-11-10 06:20:27');
INSERT INTO `files` (`id`, `files_type_id`, `members_id`, `body`, `filename`, `size`, `metadata`, `created_at`, `updated_at`) VALUES ('200', '200', '200', 'Qui ut est ipsa vitae amet ipsa ea. Beatae enim quas deleniti repellendus iure dolores. Est est quaerat ut. Eligendi sequi quis aut debitis eligendi.', 'blanditiis', 676, NULL, '1973-07-25 17:33:12', '2000-07-17 22:51:14');

INSERT INTO `departmens` (`id`, `name`) VALUES ('143', 'accusantium');
INSERT INTO `departmens` (`id`, `name`) VALUES ('173', 'adipisci');
INSERT INTO `departmens` (`id`, `name`) VALUES ('106', 'aliquam');
INSERT INTO `departmens` (`id`, `name`) VALUES ('178', 'aliquam');
INSERT INTO `departmens` (`id`, `name`) VALUES ('126', 'amet');
INSERT INTO `departmens` (`id`, `name`) VALUES ('141', 'animi');
INSERT INTO `departmens` (`id`, `name`) VALUES ('194', 'animi');
INSERT INTO `departmens` (`id`, `name`) VALUES ('154', 'aperiam');
INSERT INTO `departmens` (`id`, `name`) VALUES ('147', 'assumenda');
INSERT INTO `departmens` (`id`, `name`) VALUES ('120', 'atque');
INSERT INTO `departmens` (`id`, `name`) VALUES ('138', 'aut');
INSERT INTO `departmens` (`id`, `name`) VALUES ('131', 'autem');
INSERT INTO `departmens` (`id`, `name`) VALUES ('186', 'consequatur');
INSERT INTO `departmens` (`id`, `name`) VALUES ('149', 'culpa');
INSERT INTO `departmens` (`id`, `name`) VALUES ('103', 'cum');
INSERT INTO `departmens` (`id`, `name`) VALUES ('177', 'cumque');
INSERT INTO `departmens` (`id`, `name`) VALUES ('110', 'delectus');
INSERT INTO `departmens` (`id`, `name`) VALUES ('133', 'deleniti');
INSERT INTO `departmens` (`id`, `name`) VALUES ('118', 'doloremque');
INSERT INTO `departmens` (`id`, `name`) VALUES ('156', 'dolores');
INSERT INTO `departmens` (`id`, `name`) VALUES ('109', 'eius');
INSERT INTO `departmens` (`id`, `name`) VALUES ('139', 'eos');
INSERT INTO `departmens` (`id`, `name`) VALUES ('144', 'esse');
INSERT INTO `departmens` (`id`, `name`) VALUES ('105', 'est');
INSERT INTO `departmens` (`id`, `name`) VALUES ('148', 'est');
INSERT INTO `departmens` (`id`, `name`) VALUES ('196', 'est');
INSERT INTO `departmens` (`id`, `name`) VALUES ('162', 'et');
INSERT INTO `departmens` (`id`, `name`) VALUES ('128', 'explicabo');
INSERT INTO `departmens` (`id`, `name`) VALUES ('199', 'fuga');
INSERT INTO `departmens` (`id`, `name`) VALUES ('134', 'fugiat');
INSERT INTO `departmens` (`id`, `name`) VALUES ('180', 'harum');
INSERT INTO `departmens` (`id`, `name`) VALUES ('183', 'hic');
INSERT INTO `departmens` (`id`, `name`) VALUES ('114', 'id');
INSERT INTO `departmens` (`id`, `name`) VALUES ('160', 'illum');
INSERT INTO `departmens` (`id`, `name`) VALUES ('189', 'impedit');
INSERT INTO `departmens` (`id`, `name`) VALUES ('146', 'in');
INSERT INTO `departmens` (`id`, `name`) VALUES ('172', 'in');
INSERT INTO `departmens` (`id`, `name`) VALUES ('200', 'in');
INSERT INTO `departmens` (`id`, `name`) VALUES ('145', 'ipsum');
INSERT INTO `departmens` (`id`, `name`) VALUES ('152', 'iure');
INSERT INTO `departmens` (`id`, `name`) VALUES ('127', 'labore');
INSERT INTO `departmens` (`id`, `name`) VALUES ('161', 'laudantium');
INSERT INTO `departmens` (`id`, `name`) VALUES ('142', 'libero');
INSERT INTO `departmens` (`id`, `name`) VALUES ('102', 'maiores');
INSERT INTO `departmens` (`id`, `name`) VALUES ('108', 'maxime');
INSERT INTO `departmens` (`id`, `name`) VALUES ('113', 'minima');
INSERT INTO `departmens` (`id`, `name`) VALUES ('115', 'minima');
INSERT INTO `departmens` (`id`, `name`) VALUES ('124', 'minima');
INSERT INTO `departmens` (`id`, `name`) VALUES ('129', 'nemo');
INSERT INTO `departmens` (`id`, `name`) VALUES ('169', 'neque');
INSERT INTO `departmens` (`id`, `name`) VALUES ('137', 'nobis');
INSERT INTO `departmens` (`id`, `name`) VALUES ('191', 'numquam');
INSERT INTO `departmens` (`id`, `name`) VALUES ('135', 'odio');
INSERT INTO `departmens` (`id`, `name`) VALUES ('116', 'officia');
INSERT INTO `departmens` (`id`, `name`) VALUES ('165', 'officiis');
INSERT INTO `departmens` (`id`, `name`) VALUES ('151', 'omnis');
INSERT INTO `departmens` (`id`, `name`) VALUES ('132', 'optio');
INSERT INTO `departmens` (`id`, `name`) VALUES ('153', 'optio');
INSERT INTO `departmens` (`id`, `name`) VALUES ('190', 'pariatur');
INSERT INTO `departmens` (`id`, `name`) VALUES ('158', 'praesentium');
INSERT INTO `departmens` (`id`, `name`) VALUES ('168', 'quae');
INSERT INTO `departmens` (`id`, `name`) VALUES ('111', 'quaerat');
INSERT INTO `departmens` (`id`, `name`) VALUES ('122', 'qui');
INSERT INTO `departmens` (`id`, `name`) VALUES ('125', 'qui');
INSERT INTO `departmens` (`id`, `name`) VALUES ('166', 'qui');
INSERT INTO `departmens` (`id`, `name`) VALUES ('167', 'qui');
INSERT INTO `departmens` (`id`, `name`) VALUES ('174', 'qui');
INSERT INTO `departmens` (`id`, `name`) VALUES ('184', 'qui');
INSERT INTO `departmens` (`id`, `name`) VALUES ('188', 'qui');
INSERT INTO `departmens` (`id`, `name`) VALUES ('193', 'qui');
INSERT INTO `departmens` (`id`, `name`) VALUES ('163', 'quia');
INSERT INTO `departmens` (`id`, `name`) VALUES ('197', 'quidem');
INSERT INTO `departmens` (`id`, `name`) VALUES ('140', 'quo');
INSERT INTO `departmens` (`id`, `name`) VALUES ('198', 'quod');
INSERT INTO `departmens` (`id`, `name`) VALUES ('175', 'quos');
INSERT INTO `departmens` (`id`, `name`) VALUES ('179', 'ratione');
INSERT INTO `departmens` (`id`, `name`) VALUES ('117', 'reiciendis');
INSERT INTO `departmens` (`id`, `name`) VALUES ('155', 'repellat');
INSERT INTO `departmens` (`id`, `name`) VALUES ('171', 'repellendus');
INSERT INTO `departmens` (`id`, `name`) VALUES ('187', 'reprehenderit');
INSERT INTO `departmens` (`id`, `name`) VALUES ('185', 'similique');
INSERT INTO `departmens` (`id`, `name`) VALUES ('192', 'similique');
INSERT INTO `departmens` (`id`, `name`) VALUES ('119', 'sit');
INSERT INTO `departmens` (`id`, `name`) VALUES ('136', 'tempore');
INSERT INTO `departmens` (`id`, `name`) VALUES ('104', 'tenetur');
INSERT INTO `departmens` (`id`, `name`) VALUES ('150', 'tenetur');
INSERT INTO `departmens` (`id`, `name`) VALUES ('176', 'totam');
INSERT INTO `departmens` (`id`, `name`) VALUES ('195', 'totam');
INSERT INTO `departmens` (`id`, `name`) VALUES ('121', 'ut');
INSERT INTO `departmens` (`id`, `name`) VALUES ('157', 'ut');
INSERT INTO `departmens` (`id`, `name`) VALUES ('164', 'ut');
INSERT INTO `departmens` (`id`, `name`) VALUES ('101', 'velit');
INSERT INTO `departmens` (`id`, `name`) VALUES ('182', 'veritatis');
INSERT INTO `departmens` (`id`, `name`) VALUES ('123', 'vero');
INSERT INTO `departmens` (`id`, `name`) VALUES ('130', 'vero');
INSERT INTO `departmens` (`id`, `name`) VALUES ('107', 'voluptas');
INSERT INTO `departmens` (`id`, `name`) VALUES ('112', 'voluptas');
INSERT INTO `departmens` (`id`, `name`) VALUES ('159', 'voluptas');
INSERT INTO `departmens` (`id`, `name`) VALUES ('170', 'voluptas');
INSERT INTO `departmens` (`id`, `name`) VALUES ('181', 'voluptas');

--- выборка сотрудника с ID 1
SELECT * FROM members LIMIT 1;
SELECT * FROM members WHERE id = 1; 
SELECT firstname, lastname FROM members WHERE id = 10;
--- тригер подсчета выполненных задач.
DROP TRIGGER IF EXISTS instructions_success_count;
DELIMITER $$
CREATE TRIGGER instructions_success_count AFTER INSERT ON instructions_success
FOR EACH ROW
BEGIN 
 SELECT COUNT(*) INTO @total FROM instructions_success; 
END//instructions_id
DELIMITER ;
 
DROP TRIGGER IF EXISTS nullTrigger;
--- тригер, отвечающий за выведения ошибки при незаполненых полях сотрудников
delimiter //
CREATE TRIGGER nullTrigger BEFORE INSERT ON members
FOR EACH ROW
BEGIN
	IF(ISNULL(firstname) and ISNULL(lastname) and ISNULL(id) and ISNULL(email))  THEN
		SIGNAL SQLSTATE '45000' SET MESSAGE_TEXT = 'Trigger Warning! NULL in both fields!';
	END IF;
END //
delimiter ;

--- тригер подсчета количества проектов сотрудников
delimiter //
WITH T AS (
	SELECT from_members_id as members_id, COUNT(*) as rnk  FROM members_projects
	GROUP BY from_members_id
	UNION ALL
)
SELECT fullname,  SUM(T.rnk) AS rnk
FROM T
	INNER JOIN members m on m.id = T.members_id
GROUP BY fullname
ORDER BY rnk
LIMIT 10;
delimiter ;


DROP VIEW IF EXISTS instruction_complited;
--- представление которое выбирает сотрудников, выполневших задачи
CREATE VIEW instruction_complited (instructions_name, instuctions_success_name) AS
SELECT instructions.name, members.name FROM instuctions_success;
--- представление вибирающие общее количество проектов 
CREATE VIEW v AS SELECT MAX(count(*)) FROM members_projects GROUP BY projects_id;


